-- MySQL dump 10.13  Distrib 5.7.24, for Linux (x86_64)
--
-- Host: faure    Database: saira55
-- ------------------------------------------------------
-- Server version	5.5.5-10.3.39-MariaDB

/*!40101 SET @OLD_CHARACTER_SET_CLIENT=@@CHARACTER_SET_CLIENT */;
/*!40101 SET @OLD_CHARACTER_SET_RESULTS=@@CHARACTER_SET_RESULTS */;
/*!40101 SET @OLD_COLLATION_CONNECTION=@@COLLATION_CONNECTION */;
/*!40101 SET NAMES utf8 */;
/*!40103 SET @OLD_TIME_ZONE=@@TIME_ZONE */;
/*!40103 SET TIME_ZONE='+00:00' */;
/*!40014 SET @OLD_UNIQUE_CHECKS=@@UNIQUE_CHECKS, UNIQUE_CHECKS=0 */;
/*!40014 SET @OLD_FOREIGN_KEY_CHECKS=@@FOREIGN_KEY_CHECKS, FOREIGN_KEY_CHECKS=0 */;
/*!40101 SET @OLD_SQL_MODE=@@SQL_MODE, SQL_MODE='NO_AUTO_VALUE_ON_ZERO' */;
/*!40111 SET @OLD_SQL_NOTES=@@SQL_NOTES, SQL_NOTES=0 */;

--
-- Table structure for table `Devices`
--

DROP TABLE IF EXISTS `Devices`;
/*!40101 SET @saved_cs_client     = @@character_set_client */;
/*!40101 SET character_set_client = utf8 */;
CREATE TABLE `Devices` (
  `DeviceID` int(11) NOT NULL,
  `DeviceName` varchar(50) NOT NULL,
  `DeviceType` varchar(20) NOT NULL,
  PRIMARY KEY (`DeviceID`)
) ENGINE=InnoDB DEFAULT CHARSET=latin1 COLLATE=latin1_swedish_ci;
/*!40101 SET character_set_client = @saved_cs_client */;

--
-- Dumping data for table `Devices`
--

LOCK TABLES `Devices` WRITE;
/*!40000 ALTER TABLE `Devices` DISABLE KEYS */;
INSERT INTO `Devices` VALUES (1,'iPhone 13 Pro','Smartphone'),(2,'Samsung Galaxy S21','Smartphone'),(3,'MacBook Air M1','Laptop'),(4,'iPad Pro 12.9-inch','Tablet'),(5,'Google Pixel 6','Smartphone'),(6,'Microsoft Surface Pro 8','Tablet'),(7,'OnePlus 9 Pro','Smartphone'),(8,'Dell XPS 13','Laptop'),(9,'Samsung Galaxy Tab S7','Tablet'),(10,'iPhone 12 Pro Max','Smartphone'),(11,'Lenovo ThinkPad X1 Carbon','Laptop'),(12,'Amazon Fire HD 10','Tablet'),(13,'Xiaomi Mi 11','Smartphone'),(14,'HP Spectre x360','Laptop'),(15,'Huawei MatePad Pro','Tablet'),(16,'iPhone SE','Smartphone'),(17,'Acer Aspire 5','Laptop'),(18,'Samsung Galaxy Tab A7','Tablet'),(19,'Google Pixel 5','Smartphone'),(20,'Asus ZenBook Pro Duo','Laptop'),(21,'iPad Air','Tablet'),(22,'OnePlus 9','Smartphone'),(23,'Dell XPS 15','Laptop'),(24,'Samsung Galaxy Tab S6 Lite','Tablet'),(25,'iPhone 11 Pro','Smartphone'),(26,'Lenovo IdeaPad 5','Laptop'),(27,'Amazon Fire HD 8','Tablet'),(28,'Samsung Galaxy Z Fold3','Smartphone'),(29,'HP Envy x360','Laptop'),(30,'Huawei MatePad T10','Tablet'),(31,'Google Pixel 4a','Smartphone'),(32,'Acer Swift 3','Laptop'),(33,'Samsung Galaxy Tab A8','Tablet'),(34,'iPhone 12 Mini','Smartphone'),(35,'Microsoft Surface Laptop 4','Laptop'),(36,'Amazon Fire HD 8 Plus','Tablet'),(37,'Xiaomi Redmi Note 10 Pro','Smartphone'),(38,'Dell Inspiron 15','Laptop'),(39,'Lenovo Tab M10 FHD Plus','Tablet'),(40,'iPhone XR','Smartphone'),(41,'Asus ZenBook 14','Laptop'),(42,'Samsung Galaxy Tab S5e','Tablet'),(43,'Google Pixel 4','Smartphone'),(44,'Lenovo ThinkPad T490','Laptop'),(45,'Huawei MediaPad T5','Tablet'),(46,'OnePlus Nord','Smartphone'),(47,'Dell Inspiron 13','Laptop'),(48,'Amazon Fire 7','Tablet'),(49,'Samsung Galaxy A52','Smartphone'),(50,'HP Pavilion 15','Laptop'),(51,'iPhone 11','Smartphone'),(52,'Samsung Galaxy Tab S8','Tablet'),(53,'Dell XPS 17','Laptop'),(54,'iPad Mini 6','Tablet'),(55,'Google Pixel 6 Pro','Smartphone'),(56,'Microsoft Surface Go 3','Tablet'),(57,'Oppo Find X3 Pro','Smartphone'),(58,'Asus ZenBook Flip S','Laptop'),(59,'Huawei MediaPad M5','Tablet'),(60,'iPhone 8 Plus','Smartphone'),(61,'Lenovo Yoga C940','Laptop'),(62,'Amazon Fire HD 8 Kids','Tablet'),(63,'Xiaomi Mi 11 Ultra','Smartphone'),(64,'HP Spectre x360 16','Laptop'),(65,'Samsung Galaxy Tab A7 Lite','Tablet'),(66,'iPhone 7','Smartphone'),(67,'Acer Nitro 5','Laptop'),(68,'Samsung Galaxy Tab S7 FE','Tablet'),(69,'Google Pixel 4a 5G','Smartphone'),(70,'Asus VivoBook S15','Laptop'),(71,'iPad Pro 11-inch','Tablet'),(72,'OnePlus 9R','Smartphone'),(73,'Dell Inspiron 14','Laptop'),(74,'Amazon Fire HD 10 Plus','Tablet'),(75,'Samsung Galaxy S20 FE','Smartphone'),(76,'Lenovo IdeaPad Slim 7','Laptop'),(77,'Huawei MatePad T8','Tablet'),(78,'Google Pixel 3a','Smartphone'),(79,'HP Envy 17','Laptop'),(80,'Samsung Galaxy Tab A 10.1','Tablet'),(81,'iPhone SE 2020','Smartphone'),(82,'Acer Aspire 7','Laptop'),(83,'Amazon Fire 7 Kids','Tablet'),(84,'Xiaomi Redmi Note 9 Pro','Smartphone'),(85,'Microsoft Surface Laptop Go','Laptop'),(86,'iPad 9th Gen','Tablet'),(87,'OnePlus Nord N10','Smartphone'),(88,'Dell Vostro 15','Laptop'),(89,'Lenovo Tab M8','Tablet'),(90,'Google Pixel 3a XL','Smartphone'),(91,'HP Pavilion x360','Laptop'),(92,'Huawei MediaPad M6','Tablet'),(93,'iPhone XS','Smartphone'),(94,'Asus VivoBook 15','Laptop'),(95,'Samsung Galaxy Tab A 8.0','Tablet'),(96,'Google Pixel 3','Smartphone'),(97,'Lenovo IdeaPad 3','Laptop'),(98,'Amazon Fire HD 8 Kids Pro','Tablet'),(99,'Oppo Reno5 Pro','Smartphone'),(100,'Acer Swift 5','Laptop');
/*!40000 ALTER TABLE `Devices` ENABLE KEYS */;
UNLOCK TABLES;

--
-- Table structure for table `Users`
--

DROP TABLE IF EXISTS `Users`;
/*!40101 SET @saved_cs_client     = @@character_set_client */;
/*!40101 SET character_set_client = utf8 */;
CREATE TABLE `Users` (
  `UserID` int(11) NOT NULL,
  `UserName` varchar(50) NOT NULL,
  `UserType` varchar(20) NOT NULL,
  PRIMARY KEY (`UserID`)
) ENGINE=InnoDB DEFAULT CHARSET=latin1 COLLATE=latin1_swedish_ci;
/*!40101 SET character_set_client = @saved_cs_client */;

--
-- Dumping data for table `Users`
--

LOCK TABLES `Users` WRITE;
/*!40000 ALTER TABLE `Users` DISABLE KEYS */;
INSERT INTO `Users` VALUES (1,'JohnDoe','Regular'),(2,'JaneDoe','Administrator'),(3,'BobSmith','Regular'),(4,'SarahJohnson','Visitor'),(5,'MikeWilliams','Regular'),(6,'EmilyDavis','Administrator'),(7,'JosephBrown','Regular'),(8,'LauraMiller','Administrator'),(9,'DavidWilson','Regular'),(10,'AmandaThomas','Administrator'),(11,'ChristopherMoore','Regular'),(12,'JessicaTaylor','Administrator'),(13,'MatthewAnderson','Regular'),(14,'AshleyMartinez','Administrator'),(16,'SamanthaGarcia','Administrator'),(17,'AndrewRobinson','Regular'),(18,'KatieLewis','Administrator'),(20,'AshleyHernandez','Administrator'),(21,'DanielBarnes','Regular'),(22,'EmmaGonzalez','Administrator'),(23,'JosephRivera','Regular'),(24,'OliviaWatson','Administrator'),(25,'MatthewSanders','Regular'),(26,'SophiaMorgan','Visitor'),(27,'JoshuaMartinez','Regular'),(28,'AvaThompson','Administrator'),(29,'AndrewGarcia','Regular'),(30,'AbigailRobinson','Administrator'),(31,'DavidLewis','Regular'),(32,'EmilyWalker','Administrator'),(33,'JosephHernandez','Visitor'),(34,'MadissonBarnes','Administrator'),(35,'ChristopherGonzalez','Regular'),(36,'SophiaRivera','Administrator'),(37,'AndrewWatson','Regular'),(38,'AvaSanders','Administrator'),(39,'JoshuaMorgan','Regular'),(40,'IsabellaMartinez','Administrator'),(41,'MatthewThompson','Regular'),(42,'MiaGarcia','Regular'),(43,'DanielRobinson','Regular'),(44,'EmilyLewis','Administrator'),(45,'JosephWalker','Visitor'),(46,'ArianaHernandez','Administrator'),(47,'AndrewBarnes','Regular'),(48,'GraceGonzalez','Administrator'),(49,'JoshuaRivera','Regular'),(50,'ChloeWatson','Administrator'),(51,'JacobMiller','Administrator'),(52,'SophiaWilliams','Administrator');
/*!40000 ALTER TABLE `Users` ENABLE KEYS */;
UNLOCK TABLES;

--
-- Table structure for table `Uses`
--

DROP TABLE IF EXISTS `Uses`;
/*!40101 SET @saved_cs_client     = @@character_set_client */;
/*!40101 SET character_set_client = utf8 */;
CREATE TABLE `Uses` (
  `UserID` int(11) NOT NULL,
  `DeviceID` int(11) NOT NULL,
  `UsageDate` date NOT NULL,
  `UsageDuration` int(11) NOT NULL,
  PRIMARY KEY (`UserID`,`DeviceID`),
  KEY `DeviceID` (`DeviceID`),
  CONSTRAINT `Uses_ibfk_1` FOREIGN KEY (`UserID`) REFERENCES `Users` (`UserID`),
  CONSTRAINT `Uses_ibfk_2` FOREIGN KEY (`DeviceID`) REFERENCES `Devices` (`DeviceID`)
) ENGINE=InnoDB DEFAULT CHARSET=latin1 COLLATE=latin1_swedish_ci;
/*!40101 SET character_set_client = @saved_cs_client */;

--
-- Dumping data for table `Uses`
--

LOCK TABLES `Uses` WRITE;
/*!40000 ALTER TABLE `Uses` DISABLE KEYS */;
INSERT INTO `Uses` VALUES (1,83,'2023-10-18',71),(1,90,'2023-10-16',163),(1,99,'2024-01-11',274),(1,100,'2023-05-31',351),(2,63,'2023-06-07',135),(2,83,'2023-04-26',242),(2,90,'2023-10-15',104),(2,99,'2023-03-28',53),(2,100,'2024-01-22',130),(3,81,'2023-05-11',90),(3,83,'2023-11-23',61),(3,90,'2024-03-21',97),(3,99,'2023-04-17',33),(3,100,'2024-03-28',272),(4,83,'2024-03-07',173),(4,90,'2023-10-18',329),(4,99,'2023-06-14',155),(4,100,'2023-11-04',300),(5,17,'2023-06-26',255),(5,83,'2023-06-13',39),(5,90,'2024-01-22',207),(5,99,'2023-12-15',233),(5,100,'2023-05-04',138),(6,35,'2023-05-30',120),(6,83,'2023-11-20',82),(6,90,'2023-07-05',367),(6,99,'2024-02-17',37),(6,100,'2023-11-09',354),(7,53,'2023-05-03',75),(7,83,'2023-11-07',8),(7,90,'2024-03-20',127),(7,99,'2023-11-20',91),(7,100,'2023-09-27',379),(8,69,'2023-04-14',330),(8,83,'2024-03-16',297),(8,90,'2023-11-27',300),(8,99,'2023-09-18',187),(8,100,'2023-04-08',256),(9,62,'2023-04-08',300),(9,83,'2023-04-22',179),(9,89,'2023-06-18',135),(9,90,'2024-02-09',401),(9,99,'2023-08-18',29),(9,100,'2023-08-09',343),(10,7,'2023-05-22',270),(10,83,'2023-12-24',124),(10,90,'2023-06-23',174),(10,99,'2023-07-11',57),(10,100,'2023-05-28',398),(11,15,'2023-04-25',75),(11,31,'2021-09-28',234),(11,76,'2022-03-09',297),(11,83,'2023-11-20',130),(11,99,'2023-05-11',223),(12,31,'2021-08-23',148),(12,76,'2022-03-09',147),(12,83,'2024-01-23',149),(12,99,'2024-02-05',115),(13,31,'2021-09-06',280),(13,61,'2023-06-10',165),(13,76,'2021-04-19',246),(13,83,'2024-03-18',166),(13,99,'2023-09-06',168),(14,31,'2021-10-28',406),(14,50,'2023-04-04',75),(14,76,'2022-01-04',409),(14,79,'2023-05-14',60),(14,83,'2023-06-29',297),(14,99,'2024-01-19',50),(16,15,'2023-06-29',180),(16,31,'2021-08-18',179),(16,76,'2021-05-01',249),(16,83,'2023-06-19',243),(16,99,'2023-11-25',32),(17,31,'2021-08-21',128),(17,33,'2023-06-02',60),(17,76,'2021-10-06',271),(17,77,'2023-04-17',150),(17,83,'2023-06-08',150),(17,99,'2023-08-28',151),(18,31,'2021-06-04',415),(18,51,'2023-05-06',105),(18,76,'2022-01-08',167),(18,83,'2024-02-02',48),(18,99,'2023-05-27',177),(20,31,'2021-06-19',354),(20,76,'2021-08-29',92),(20,83,'2023-10-24',168),(20,87,'2023-06-21',105),(20,99,'2023-09-27',192),(21,5,'2023-05-25',195),(21,83,'2023-08-25',54),(21,99,'2023-06-20',254),(22,15,'2020-07-27',284),(22,28,'2020-05-17',239),(22,40,'2020-08-14',275),(22,63,'2023-04-28',165),(22,83,'2024-01-15',110),(22,85,'2020-04-19',299),(22,99,'2023-04-02',94),(23,15,'2020-05-27',384),(23,28,'2020-05-09',71),(23,40,'2021-02-15',272),(23,83,'2023-12-05',107),(23,85,'2020-06-04',379),(23,99,'2023-07-28',92),(24,15,'2020-04-17',246),(24,28,'2021-02-01',96),(24,40,'2020-07-29',369),(24,59,'2023-06-13',80),(24,83,'2023-04-27',131),(24,85,'2021-02-25',370),(24,99,'2023-08-23',291),(25,7,'2023-04-09',45),(25,15,'2020-09-16',330),(25,28,'2021-03-29',297),(25,40,'2020-07-26',64),(25,77,'2023-05-17',120),(25,83,'2023-09-28',25),(25,85,'2020-11-03',197),(25,99,'2024-02-10',193),(26,10,'2021-12-22',384),(26,63,'2021-07-11',388),(26,83,'2023-03-29',197),(26,99,'2023-05-05',141),(27,10,'2021-11-04',147),(27,63,'2021-07-28',388),(27,75,'2023-04-20',420),(27,83,'2023-11-22',203),(27,99,'2023-07-05',45),(28,10,'2021-11-15',417),(28,31,'2023-06-05',300),(28,63,'2021-09-01',195),(28,83,'2023-10-31',277),(28,99,'2023-08-12',177),(29,10,'2022-03-29',282),(29,49,'2023-05-09',135),(29,63,'2021-05-02',221),(29,83,'2023-10-09',141),(29,99,'2024-02-05',255),(30,10,'2021-05-30',320),(30,63,'2021-05-11',311),(30,83,'2023-03-24',171),(30,99,'2023-05-06',249),(31,18,'2023-04-05',60),(31,26,'2020-11-06',164),(31,65,'2021-01-16',399),(31,83,'2023-05-14',172),(31,85,'2023-06-24',60),(31,95,'2020-11-21',184),(31,99,'2023-09-14',29),(32,3,'2023-05-28',255),(32,26,'2020-07-30',354),(32,65,'2020-04-02',357),(32,83,'2023-12-05',224),(32,95,'2020-05-08',82),(32,99,'2023-04-18',104),(33,26,'2020-05-14',102),(33,61,'2023-05-01',120),(33,65,'2020-09-14',338),(33,83,'2023-05-14',8),(33,95,'2020-06-26',360),(33,99,'2023-04-10',211),(34,26,'2020-10-02',134),(34,57,'2023-04-12',90),(34,65,'2020-07-26',299),(34,83,'2023-08-26',230),(34,95,'2020-10-07',411),(34,99,'2023-07-23',63),(35,26,'2020-08-16',376),(35,57,'2023-06-16',65),(35,65,'2020-12-07',180),(35,83,'2024-02-05',94),(35,95,'2020-07-07',310),(35,99,'2024-03-02',189),(36,26,'2020-11-12',91),(36,65,'2020-10-06',283),(36,75,'2023-05-20',135),(36,83,'2024-01-09',12),(36,95,'2020-10-30',295),(36,99,'2023-03-23',26),(37,26,'2020-10-22',398),(37,65,'2020-08-19',78),(37,73,'2023-04-23',270),(37,83,'2023-08-12',277),(37,95,'2020-04-09',164),(37,99,'2023-10-09',296),(38,26,'2020-05-06',181),(38,65,'2020-10-28',70),(38,83,'2023-06-07',53),(38,95,'2020-08-22',402),(38,99,'2023-08-24',275),(39,26,'2020-08-29',411),(39,29,'2023-06-08',210),(39,65,'2020-10-05',311),(39,83,'2023-09-18',3),(39,95,'2020-11-21',163),(39,99,'2023-05-15',153),(40,26,'2021-03-14',299),(40,47,'2023-05-12',165),(40,65,'2020-07-19',232),(40,83,'2023-09-11',178),(40,95,'2020-09-18',182),(40,99,'2023-03-27',123),(41,83,'2023-10-28',59),(41,99,'2024-02-21',51),(42,73,'2023-04-01',120),(42,83,'2023-06-08',104),(42,99,'2023-08-14',152),(43,1,'2023-05-31',180),(43,83,'2023-11-08',239),(43,99,'2023-06-29',36),(44,19,'2023-05-04',60),(44,45,'2023-04-15',60),(44,83,'2023-05-06',299),(44,99,'2023-10-21',217),(45,83,'2023-11-16',222),(45,99,'2023-11-13',181),(46,55,'2023-06-19',90),(46,83,'2023-07-24',26),(46,99,'2023-04-07',290),(47,73,'2023-05-23',105),(47,83,'2023-10-11',290),(47,99,'2023-04-04',277),(48,81,'2023-04-26',195),(48,83,'2023-09-25',164),(48,99,'2023-07-04',244),(49,83,'2023-12-16',202),(49,99,'2023-04-23',37),(50,27,'2023-06-11',330),(50,83,'2023-08-23',261),(50,99,'2023-05-07',2),(51,13,'2021-06-24',108),(51,45,'2023-05-15',80),(51,60,'2022-01-25',152),(51,61,'2021-09-16',118),(51,62,'2021-09-01',281),(51,63,'2022-01-26',182),(51,83,'2023-08-11',135),(51,88,'2021-08-15',318),(51,99,'2023-10-24',6),(52,13,'2022-01-04',339),(52,60,'2021-04-30',413),(52,61,'2021-10-03',89),(52,62,'2022-02-15',111),(52,63,'2021-11-27',185),(52,83,'2023-10-25',205),(52,88,'2022-03-23',235),(52,99,'2023-05-08',89);
/*!40000 ALTER TABLE `Uses` ENABLE KEYS */;
UNLOCK TABLES;

--
-- Table structure for table `advisor`
--

DROP TABLE IF EXISTS `advisor`;
/*!40101 SET @saved_cs_client     = @@character_set_client */;
/*!40101 SET character_set_client = utf8 */;
CREATE TABLE `advisor` (
  `s_ID` varchar(5) NOT NULL,
  `i_ID` varchar(5) DEFAULT NULL,
  PRIMARY KEY (`s_ID`),
  KEY `i_ID` (`i_ID`),
  CONSTRAINT `advisor_ibfk_1` FOREIGN KEY (`i_ID`) REFERENCES `instructor` (`ID`) ON DELETE SET NULL,
  CONSTRAINT `advisor_ibfk_2` FOREIGN KEY (`s_ID`) REFERENCES `student` (`ID`) ON DELETE CASCADE
) ENGINE=InnoDB DEFAULT CHARSET=latin1 COLLATE=latin1_swedish_ci;
/*!40101 SET character_set_client = @saved_cs_client */;

--
-- Dumping data for table `advisor`
--

LOCK TABLES `advisor` WRITE;
/*!40000 ALTER TABLE `advisor` DISABLE KEYS */;
INSERT INTO `advisor` VALUES ('11101','14365'),('13403','14365'),('19362','14365'),('10269','15347'),('107','15347'),('1000','16807'),('11194','16807'),('13217','16807'),('15340','16807'),('16297','16807'),('17086','16807'),('19220','16807'),('10481','19368'),('11377','19368'),('16631','19368'),('14214','22591'),('14554','22591'),('14869','22591'),('15883','22591'),('18675','22591'),('1080','25946'),('12214','25946'),('12362','25946'),('19450','25946'),('10663','28097'),('1367','28097'),('17911','28097'),('15487','28400'),('17207','28400'),('11195','31955'),('13826','31955'),('10556','3199'),('14639','3199'),('1110','3335'),('13511','3335'),('16849','3335'),('12216','34175'),('12615','34175'),('14032','34175'),('16453','34175'),('18108','34175'),('18941','34175'),('1087','35579'),('11126','35579'),('11441','35579'),('12078','35579'),('16885','35579'),('1836','35579'),('10527','36897'),('12563','36897'),('1726','36897'),('17769','36897'),('10454','37687'),('11422','37687'),('12941','37687'),('12979','37687'),('13921','37687'),('1402','37687'),('15328','37687'),('15578','37687'),('18775','37687'),('10814','4034'),('11530','4034'),('1285','4034'),('13741','4034'),('19638','4034'),('15517','41930'),('15698','41930'),('163','41930'),('16480','41930'),('1737','41930'),('20540','41930'),('15074','4233'),('16311','4233'),('12326','42782'),('13757','42782'),('16057','42782'),('11604','43779'),('1460','43779'),('15980','43779'),('18636','43779'),('11055','48507'),('14484','48507'),('16528','48507'),('10904','48570'),('11095','48570'),('1220','50330'),('12971','50330'),('15144','50330'),('15283','50330'),('16467','50330'),('18583','50330'),('14581','50885'),('1533','50885'),('15613','50885'),('16969','50885'),('18286','50885'),('11201','52647'),('14829','52647'),('13211','57180'),('16523','57180'),('17339','57180'),('12711','58558'),('13023','58558'),('10267','59795'),('11682','59795'),('123','59795'),('13495','59795'),('14628','59795'),('15538','59795'),('19791','59795'),('12683','63287'),('13408','63287'),('11455','63395'),('10033','64871'),('15249','64871'),('17944','64871'),('2178','64871'),('10076','6569'),('10705','6569'),('10727','6569'),('11152','6569'),('14563','6569'),('10204','65931'),('12069','65931'),('17507','65931'),('10693','72553'),('11057','72553'),('11237','72553'),('11855','72553'),('15726','72553'),('14023','73623'),('15083','73623'),('16075','73623'),('16405','73623'),('19048','73623'),('12666','74420'),('13880','74420'),('16133','74420'),('17076','74420'),('14621','74426'),('17665','74426'),('17676','74426'),('21225','74426'),('108','77346'),('10917','77346'),('11262','77346'),('13290','77346'),('14065','77346'),('14182','77346'),('15030','77346'),('17192','77346'),('1727','77346'),('13028','78699'),('16907','78699'),('17996','78699'),('19342','78699'),('10834','79081'),('14596','79081'),('14874','79081'),('16543','79081'),('1018','79653'),('11966','79653'),('1232','79653'),('13749','79653'),('14432','79653'),('14284','80759'),('14668','80759'),('16593','80759'),('19245','80759'),('13504','81991'),('13753','81991'),('16035','81991'),('17424','81991'),('11202','90376'),('11578','90376'),('16347','90376'),('10736','90643'),('13506','90643'),('11076','95030'),('12236','95030'),('13365','95030'),('14094','95030'),('11510','95709'),('12173','95709'),('15430','95709'),('16250','95709'),('10838','96895'),('11083','96895'),('13081','96895'),('16753','96895'),('17377','96895'),('19582','96895'),('11419','97302'),('11453','97302'),('14499','97302'),('15070','97302'),('16515','97302'),('20489','97302'),('13352','99052');
/*!40000 ALTER TABLE `advisor` ENABLE KEYS */;
UNLOCK TABLES;

--
-- Table structure for table `classroom`
--

DROP TABLE IF EXISTS `classroom`;
/*!40101 SET @saved_cs_client     = @@character_set_client */;
/*!40101 SET character_set_client = utf8 */;
CREATE TABLE `classroom` (
  `building` varchar(15) NOT NULL,
  `room_number` varchar(7) NOT NULL,
  `capacity` decimal(4,0) DEFAULT NULL,
  PRIMARY KEY (`building`,`room_number`)
) ENGINE=InnoDB DEFAULT CHARSET=latin1 COLLATE=latin1_swedish_ci;
/*!40101 SET character_set_client = @saved_cs_client */;

--
-- Dumping data for table `classroom`
--

LOCK TABLES `classroom` WRITE;
/*!40000 ALTER TABLE `classroom` DISABLE KEYS */;
INSERT INTO `classroom` VALUES ('Alumni','143',47),('Alumni','547',26),('Bronfman','700',12),('Chandler','375',10),('Chandler','804',11),('Drown','757',18),('Fairchild','145',27),('Garfield','119',59),('Gates','314',10),('Gates','707',65),('Grace','40',34),('Lambeau','348',51),('Lamberton','134',10),('Lamberton','143',10),('Main','425',22),('Main','45',30),('Nassau','45',92),('Painter','86',97),('Polya','808',28),('Power','717',12),('Power','972',10),('Rathbone','261',60),('Saucon','113',109),('Saucon','180',15),('Saucon','844',24),('Stabler','105',113),('Taylor','183',71),('Taylor','812',115),('Whitman','134',120),('Whitman','434',32);
/*!40000 ALTER TABLE `classroom` ENABLE KEYS */;
UNLOCK TABLES;

--
-- Table structure for table `course`
--

DROP TABLE IF EXISTS `course`;
/*!40101 SET @saved_cs_client     = @@character_set_client */;
/*!40101 SET character_set_client = utf8 */;
CREATE TABLE `course` (
  `course_id` varchar(8) NOT NULL,
  `title` varchar(50) DEFAULT NULL,
  `dept_name` varchar(20) DEFAULT NULL,
  `credits` decimal(2,0) DEFAULT NULL CHECK (`credits` > 0),
  PRIMARY KEY (`course_id`),
  KEY `dept_name` (`dept_name`),
  CONSTRAINT `course_ibfk_1` FOREIGN KEY (`dept_name`) REFERENCES `department` (`dept_name`) ON DELETE SET NULL
) ENGINE=InnoDB DEFAULT CHARSET=latin1 COLLATE=latin1_swedish_ci;
/*!40101 SET character_set_client = @saved_cs_client */;

--
-- Dumping data for table `course`
--

LOCK TABLES `course` WRITE;
/*!40000 ALTER TABLE `course` DISABLE KEYS */;
INSERT INTO `course` VALUES ('101','Diffusion and Phase Transformation','Mech. Eng.',3),('105','Image Processing','Astronomy',3),('123','Differential Equations','Mech. Eng.',3),('127','Thermodynamics','Geology',3),('130','Differential Geometry','Physics',3),('133','Antidisestablishmentarianism in Modern America','Biology',4),('137','Manufacturing','Finance',3),('139','Number Theory','English',4),('158','Elastic Structures','Cybernetics',3),('169','Marine Mammals','Elec. Eng.',3),('190','Romantic Literature','Civil Eng.',3),('192','Drama','Languages',4),('195','Numerical Methods','Geology',4),('200','The Music of the Ramones','Accounting',4),('209','International Trade','Cybernetics',4),('224','International Finance','Athletics',3),('227','Elastic Structures','Languages',4),('235','International Trade','Math',3),('236','Design and Analysis of Algorithms','Mech. Eng.',3),('237','Surfing','Cybernetics',3),('238','The Music of Donovan','Mech. Eng.',3),('239','The Music of the Ramones','Physics',4),('241','Biostatistics','Geology',3),('242','Rock and Roll','Marketing',3),('254','Security','Cybernetics',3),('258','Colloid and Surface Chemistry','Math',3),('265','Thermal Physics','Cybernetics',4),('267','Hydraulics','Physics',4),('270','Music of the 90s','Math',4),('272','Geology','Mech. Eng.',3),('274','Corporate Law','Comp. Sci.',4),('275','Romantic Literature','Languages',3),('276','Game Design','Comp. Sci.',4),('278','Greek Tragedy','Statistics',4),('284','Topology','Comp. Sci.',4),('292','Electron Microscopy','English',4),('304','Music 2 New for your Instructor','Finance',4),('313','International Trade','Marketing',3),('318','Geology','Cybernetics',3),('319','World History','Finance',4),('324','Ponzi Schemes','Civil Eng.',3),('328','Composition and Literature','Cybernetics',3),('334','International Trade','Athletics',3),('337','Differential Geometry','Statistics',3),('338','Graph Theory','Psychology',3),('340','Corporate Law','History',3),('341','Quantum Mechanics','Cybernetics',3),('344','Quantum Mechanics','Accounting',4),('345','Race Car Driving','Accounting',4),('348','Compiler Design','Elec. Eng.',3),('349','Networking','Finance',4),('352','Compiler Design','Psychology',4),('353','Operating Systems','Psychology',3),('359','Game Programming','Comp. Sci.',4),('362','Embedded Systems','Finance',4),('366','Computational Biology','English',3),('371','Milton','Finance',3),('376','Cost Accounting','Physics',4),('377','Differential Geometry','Astronomy',4),('391','Virology','Biology',3),('392','Recursive Function Theory','Astronomy',4),('393','Aerodynamics','Languages',3),('394','C  Programming','Athletics',3),('396','C  Programming','Languages',3),('399','RPG Programming','Pol. Sci.',4),('400','Visual BASIC','Psychology',4),('401','Sanitary Engineering','Athletics',4),('403','Immunology','Biology',3),('407','Industrial Organization','Languages',4),('408','Bankruptcy','Accounting',3),('411','Music of the 80s','Mech. Eng.',4),('415','Numerical Methods','Biology',3),('416','Data Mining','Accounting',3),('421','Aquatic Chemistry','Athletics',4),('426','Video Gaming','Finance',3),('436','Stream Processing','Physics',4),('442','Strength of Materials','Athletics',3),('443','Journalism','Physics',4),('445','Biostatistics','Finance',3),('451','Database System Concepts','Pol. Sci.',4),('456','Hebrew','Civil Eng.',3),('457','Systems Software','History',3),('458','The Renaissance','Civil Eng.',4),('461','Physical Chemistry','Math',3),('468','Fractal Geometry','Civil Eng.',4),('476','International Communication','Astronomy',4),('482','FOCAL Programming','Psychology',4),('486','Accounting','Geology',3),('487','Physical Chemistry','History',3),('489','Journalism','Astronomy',4),('493','Music of the 50s','Geology',3),('494','Automobile Mechanics','Pol. Sci.',4),('496','Aquatic Chemistry','Cybernetics',3),('500','Networking','Astronomy',3),('527','Graphics','Finance',3),('539','International Finance','Comp. Sci.',3),('544','Differential Geometry','Statistics',3),('545','International Practicum','History',3),('546','Creative Writing','Mech. Eng.',4),('549','Banking and Finance','Astronomy',3),('558','Environmental Law','Psychology',3),('559','Martian History','Biology',3),('561','The Music of Donovan','Elec. Eng.',4),('571','Plastics','Comp. Sci.',4),('577','The Music of Dave Edmunds','Elec. Eng.',3),('580','The Music of Dave Edmunds','Physics',4),('581','Calculus','Pol. Sci.',4),('582','Marine Mammals','Cybernetics',3),('584','Computability Theory','Comp. Sci.',3),('586','Image Processing','Finance',4),('591','Shakespeare','Pol. Sci.',4),('594','Cognitive Psychology','Finance',3),('598','Number Theory','Accounting',4),('599','Mechanics','Psychology',4),('603','Care and Feeding of Cats','Statistics',3),('604','UNIX System Programmming','Statistics',4),('608','Electron Microscopy','Mech. Eng.',3),('612','Mobile Computing','Physics',3),('618','Thermodynamics','English',4),('626','Multimedia Design','History',4),('628','Existentialism','Accounting',3),('629','Finite Element Analysis','Cybernetics',3),('630','Religion','English',3),('631','Plasma Physics','Elec. Eng.',4),('634','Astronomy','Cybernetics',4),('642','Video Gaming','Psychology',3),('647','Service-Oriented Architectures','Comp. Sci.',4),('656','Groups and Rings','Civil Eng.',4),('659','Geology','Math',4),('663','Geology','Psychology',3),('664','Elastic Structures','English',3),('666','Multivariable Calculus','Accounting',3),('679','The Beatles','Math',3),('680','Electricity and Magnetism','Civil Eng.',3),('681','Medieval Civilization or Lack Thereof','English',3),('692','Cat Herding','Athletics',3),('694','Optics','Math',3),('696','Heat Transfer','Marketing',4),('702','Arabic','Biology',3),('704','Marine Mammals','Geology',4),('716','Medieval Civilization or Lack Thereof','Languages',4),('730','Quantum Mechanics','Elec. Eng.',4),('731','The Music of Donovan','Physics',4),('735','Greek Tragedy','Geology',3),('747','International Practicum','Comp. Sci.',4),('748','Tort Law','Cybernetics',4),('760','How to Groom your Cat','Accounting',3),('761','Existentialism','Athletics',3),('762','The Monkeys','History',4),('769','Logic','Elec. Eng.',4),('770','European History','Pol. Sci.',3),('774','Game Programming','Cybernetics',4),('780','Geology','Psychology',3),('781','Compiler Design','Finance',4),('787','C  Programming','Mech. Eng.',4),('791','Operating Systems','Marketing',3),('792','Image Processing','Accounting',3),('793','Decison Support Systems','Civil Eng.',3),('795','Death and Taxes','Marketing',3),('802','African History','Cybernetics',3),('804','Introduction to Burglary','Cybernetics',4),('805','Composition and Literature','Statistics',4),('808','Organic Chemistry','English',4),('810','Mobile Computing','Geology',3),('814','Compiler Design','Elec. Eng.',3),('818','Environmental Law','Astronomy',4),('820','Assembly Language Programming','Cybernetics',3),('830','Sensor Networks','Astronomy',4),('841','Fractal Geometry','Mech. Eng.',4),('843','Environmental Law','Math',4),('852','World History','Athletics',4),('857','UNIX System Programmming','Geology',4),('858','Sailing','Math',4),('864','Heat Transfer','Geology',3),('867','The IBM 360 Architecture','History',3),('875','Bioinformatics','Cybernetics',3),('877','Composition and Literature','Biology',4),('887','Latin','Mech. Eng.',3),('893','Systems Software','Cybernetics',3),('897','How to Succeed in Business Without Really Trying','Languages',4),('898','Petroleum Engineering','Marketing',4),('902','Existentialism','Finance',3),('919','Computability Theory','Math',3),('922','Microeconomics','Finance',4),('927','Differential Geometry','Cybernetics',4),('947','Real-Time Database Systems','Accounting',3),('949','Japanese','Comp. Sci.',3),('958','Fiction Writing','Mech. Eng.',3),('959','Bacteriology','Physics',4),('960','Tort Law','Civil Eng.',3),('962','Animal Behavior','Psychology',3),('963','Groups and Rings','Languages',4),('966','Sanitary Engineering','History',3),('969','The Monkeys','Astronomy',4),('972','Greek Tragedy','Psychology',4),('974','Astronautics','Accounting',3),('983','Virology','Languages',4),('984','Music of the 50s','History',3),('991','Transaction Processing','Psychology',3),('998','Immunology','Civil Eng.',4);
/*!40000 ALTER TABLE `course` ENABLE KEYS */;
UNLOCK TABLES;

--
-- Table structure for table `department`
--

DROP TABLE IF EXISTS `department`;
/*!40101 SET @saved_cs_client     = @@character_set_client */;
/*!40101 SET character_set_client = utf8 */;
CREATE TABLE `department` (
  `dept_name` varchar(20) NOT NULL,
  `building` varchar(15) DEFAULT NULL,
  `budget` decimal(12,2) DEFAULT NULL CHECK (`budget` > 0),
  PRIMARY KEY (`dept_name`)
) ENGINE=InnoDB DEFAULT CHARSET=latin1 COLLATE=latin1_swedish_ci;
/*!40101 SET character_set_client = @saved_cs_client */;

--
-- Dumping data for table `department`
--

LOCK TABLES `department` WRITE;
/*!40000 ALTER TABLE `department` DISABLE KEYS */;
INSERT INTO `department` VALUES ('Accounting','Saucon',441840.92),('Astronomy','Taylor',617253.94),('Athletics','Bronfman',734550.70),('Biology','Candlestick',647610.55),('Civil Eng.','Chandler',255041.46),('Comp. Sci.','Lamberton',106378.69),('Cybernetics','Mercer',794541.46),('Elec. Eng.','Main',276527.61),('English','Palmer',611042.66),('Finance','Candlestick',866831.75),('Geology','Palmer',406557.93),('History','Taylor',699140.86),('Languages','Linderman',601283.60),('Marketing','Lambeau',210627.58),('Math','Brodhead',777605.11),('Mech. Eng.','Rauch',520350.65),('Physics','Wrigley',942162.76),('Pol. Sci.','Whitman',573745.09),('Psychology','Thompson',848175.04),('Statistics','Taylor',395051.74);
/*!40000 ALTER TABLE `department` ENABLE KEYS */;
UNLOCK TABLES;

--
-- Table structure for table `instructor`
--

DROP TABLE IF EXISTS `instructor`;
/*!40101 SET @saved_cs_client     = @@character_set_client */;
/*!40101 SET character_set_client = utf8 */;
CREATE TABLE `instructor` (
  `ID` varchar(5) NOT NULL,
  `name` varchar(20) NOT NULL,
  `dept_name` varchar(20) DEFAULT NULL,
  `salary` decimal(8,2) DEFAULT NULL CHECK (`salary` > 29000),
  PRIMARY KEY (`ID`),
  KEY `dept_name` (`dept_name`),
  CONSTRAINT `instructor_ibfk_1` FOREIGN KEY (`dept_name`) REFERENCES `department` (`dept_name`) ON DELETE SET NULL
) ENGINE=InnoDB DEFAULT CHARSET=latin1 COLLATE=latin1_swedish_ci;
/*!40101 SET character_set_client = @saved_cs_client */;

--
-- Dumping data for table `instructor`
--

LOCK TABLES `instructor` WRITE;
/*!40000 ALTER TABLE `instructor` DISABLE KEYS */;
INSERT INTO `instructor` VALUES ('14365','Lembr','Accounting',32241.56),('15347','Bawa','Athletics',72140.88),('16807','Yazdi','Athletics',98333.65),('19368','Wieland','Pol. Sci.',124651.41),('22591','DAgostino','Psychology',59706.49),('25946','Liley','Languages',90891.69),('28097','Kean','English',35023.18),('28400','Atanassov','Statistics',84982.92),('31955','Moreira','Accounting',71351.42),('3199','Gustafsson','Elec. Eng.',82534.37),('3335','Bourrier','Comp. Sci.',80797.83),('34175','Bondi','Comp. Sci.',115469.11),('35579','Soisalon-Soininen','Psychology',62579.61),('36897','Morris','Marketing',43770.36),('37687','Arias','Statistics',104563.38),('4034','Murata','Athletics',61387.56),('41930','Tung','Athletics',50482.03),('4233','Luo','English',88791.45),('42782','Vicentino','Elec. Eng.',34272.67),('43779','Romero','Astronomy',79070.08),('48507','Lent','Mech. Eng.',107978.47),('48570','Sarkar','Pol. Sci.',87549.80),('50330','Shuming','Physics',108011.81),('50885','Konstantinides','Languages',32570.50),('52647','Bancilhon','Pol. Sci.',87958.01),('57180','Hau','Accounting',43966.29),('58558','Dusserre','Marketing',66143.25),('59795','Desyl','Languages',48803.38),('63287','Jaekel','Athletics',103146.87),('63395','McKinnon','Cybernetics',94333.99),('64871','Gutierrez','Statistics',45310.53),('6569','Mingoz','Finance',105311.38),('65931','Pimenta','Cybernetics',79866.95),('72553','Yin','English',46397.59),('73623','Sullivan','Elec. Eng.',90038.09),('74420','Voronina','Physics',121141.99),('74426','Kenje','Marketing',106554.73),('77346','Mahmoud','Geology',99382.59),('78699','Pingr','Statistics',59303.62),('79081','Ullman ','Accounting',47307.10),('79653','Levine','Elec. Eng.',89805.83),('80759','Queiroz','Biology',45538.32),('81991','Valtchev','Biology',77036.18),('90376','Bietzk','Cybernetics',117836.50),('90643','Choll','Statistics',57807.09),('95030','Arinb','Statistics',54805.11),('95709','Sakurai','English',118143.98),('96895','Mird','Marketing',119921.41),('97302','Bertolino','Mech. Eng.',51647.57),('99052','Dale','Cybernetics',93348.83);
/*!40000 ALTER TABLE `instructor` ENABLE KEYS */;
UNLOCK TABLES;

--
-- Table structure for table `prereq`
--

DROP TABLE IF EXISTS `prereq`;
/*!40101 SET @saved_cs_client     = @@character_set_client */;
/*!40101 SET character_set_client = utf8 */;
CREATE TABLE `prereq` (
  `course_id` varchar(8) NOT NULL,
  `prereq_id` varchar(8) NOT NULL,
  PRIMARY KEY (`course_id`,`prereq_id`),
  KEY `prereq_id` (`prereq_id`),
  CONSTRAINT `prereq_ibfk_1` FOREIGN KEY (`course_id`) REFERENCES `course` (`course_id`) ON DELETE CASCADE,
  CONSTRAINT `prereq_ibfk_2` FOREIGN KEY (`prereq_id`) REFERENCES `course` (`course_id`)
) ENGINE=InnoDB DEFAULT CHARSET=latin1 COLLATE=latin1_swedish_ci;
/*!40101 SET character_set_client = @saved_cs_client */;

--
-- Dumping data for table `prereq`
--

LOCK TABLES `prereq` WRITE;
/*!40000 ALTER TABLE `prereq` DISABLE KEYS */;
INSERT INTO `prereq` VALUES ('133','852'),('158','408'),('169','603'),('209','780'),('224','227'),('236','984'),('239','628'),('241','486'),('242','304'),('242','594'),('254','877'),('258','137'),('272','275'),('276','403'),('292','399'),('313','731'),('324','408'),('324','857'),('338','133'),('338','852'),('349','612'),('353','647'),('353','694'),('359','694'),('359','818'),('362','242'),('362','696'),('376','130'),('392','875'),('399','664'),('403','345'),('403','352'),('411','401'),('443','852'),('457','544'),('458','696'),('486','371'),('496','416'),('496','443'),('496','489'),('544','254'),('544','702'),('545','318'),('545','947'),('558','130'),('559','500'),('582','487'),('586','468'),('591','403'),('603','735'),('608','421'),('608','864'),('612','123'),('618','352'),('628','340'),('629','139'),('631','681'),('634','864'),('647','792'),('656','559'),('656','659'),('663','998'),('664','489'),('664','704'),('692','426'),('692','761'),('692','774'),('694','254'),('696','101'),('704','416'),('747','272'),('747','927'),('760','169'),('774','258'),('774','769'),('780','345'),('792','814'),('793','791'),('795','123'),('802','666'),('804','947'),('805','774'),('810','966'),('820','371'),('830','748'),('841','818'),('843','324'),('852','133'),('852','267'),('864','634'),('875','458'),('877','599'),('902','130'),('947','494'),('958','139'),('958','735'),('958','969'),('972','958'),('991','598'),('998','319');
/*!40000 ALTER TABLE `prereq` ENABLE KEYS */;
UNLOCK TABLES;

--
-- Table structure for table `section`
--

DROP TABLE IF EXISTS `section`;
/*!40101 SET @saved_cs_client     = @@character_set_client */;
/*!40101 SET character_set_client = utf8 */;
CREATE TABLE `section` (
  `course_id` varchar(8) NOT NULL,
  `sec_id` varchar(8) NOT NULL,
  `semester` varchar(6) NOT NULL CHECK (`semester` in ('Fall','Winter','Spring','Summer')),
  `year` decimal(4,0) NOT NULL CHECK (`year` > 1701 and `year` < 2100),
  `building` varchar(15) DEFAULT NULL,
  `room_number` varchar(7) DEFAULT NULL,
  `time_slot_id` varchar(4) DEFAULT NULL,
  PRIMARY KEY (`course_id`,`sec_id`,`semester`,`year`),
  KEY `building` (`building`,`room_number`),
  CONSTRAINT `section_ibfk_1` FOREIGN KEY (`course_id`) REFERENCES `course` (`course_id`) ON DELETE CASCADE,
  CONSTRAINT `section_ibfk_2` FOREIGN KEY (`building`, `room_number`) REFERENCES `classroom` (`building`, `room_number`) ON DELETE SET NULL
) ENGINE=InnoDB DEFAULT CHARSET=latin1 COLLATE=latin1_swedish_ci;
/*!40101 SET character_set_client = @saved_cs_client */;

--
-- Dumping data for table `section`
--

LOCK TABLES `section` WRITE;
/*!40000 ALTER TABLE `section` DISABLE KEYS */;
INSERT INTO `section` VALUES ('105','1','Fall',2009,'Chandler','375','C'),('105','2','Fall',2002,'Taylor','183','C'),('137','1','Spring',2002,'Fairchild','145','I'),('158','1','Fall',2008,'Whitman','434','F'),('158','2','Spring',2008,'Taylor','812','D'),('169','1','Spring',2007,'Gates','314','A'),('169','2','Fall',2002,'Drown','757','L'),('192','1','Fall',2002,'Polya','808','B'),('200','1','Spring',2007,'Saucon','180','D'),('200','2','Fall',2002,'Chandler','375','D'),('237','1','Spring',2008,'Power','717','D'),('237','2','Fall',2009,'Fairchild','145','J'),('239','1','Fall',2006,'Taylor','183','C'),('242','1','Fall',2009,'Fairchild','145','C'),('258','1','Fall',2007,'Main','45','K'),('270','1','Spring',2010,'Power','717','M'),('274','1','Fall',2002,'Main','425','N'),('304','1','Fall',2009,'Lamberton','143','H'),('313','1','Fall',2010,'Chandler','804','N'),('319','1','Spring',2003,'Rathbone','261','E'),('334','1','Fall',2009,'Taylor','812','O'),('338','1','Spring',2007,'Fairchild','145','G'),('338','2','Spring',2006,'Stabler','105','J'),('345','1','Spring',2008,'Taylor','183','A'),('349','1','Spring',2008,'Saucon','113','K'),('352','1','Spring',2006,'Lambeau','348','M'),('362','1','Fall',2005,'Lamberton','143','I'),('362','2','Fall',2006,'Alumni','547','A'),('362','3','Spring',2008,'Bronfman','700','L'),('366','1','Fall',2005,'Saucon','844','O'),('376','1','Fall',2006,'Power','717','K'),('400','1','Spring',2007,'Lambeau','348','M'),('400','2','Fall',2003,'Main','425','O'),('401','1','Fall',2003,'Saucon','180','A'),('408','1','Spring',2007,'Taylor','812','C'),('408','2','Spring',2003,'Taylor','183','J'),('415','1','Fall',2010,'Lamberton','134','D'),('421','1','Fall',2004,'Gates','707','E'),('426','1','Spring',2006,'Lamberton','134','G'),('443','1','Spring',2010,'Whitman','434','O'),('443','2','Spring',2002,'Gates','707','K'),('445','1','Spring',2001,'Alumni','547','J'),('457','1','Spring',2001,'Saucon','844','D'),('461','1','Fall',2002,'Main','425','P'),('468','1','Fall',2005,'Lambeau','348','J'),('468','2','Fall',2007,'Power','717','L'),('476','1','Fall',2010,'Drown','757','C'),('482','1','Fall',2005,'Whitman','434','H'),('486','1','Fall',2009,'Whitman','134','K'),('489','1','Fall',2007,'Lamberton','143','D'),('493','1','Spring',2010,'Lamberton','134','H'),('496','1','Fall',2001,'Taylor','812','I'),('527','1','Fall',2004,'Saucon','113','M'),('545','1','Fall',2001,'Saucon','180','P'),('559','1','Fall',2002,'Lamberton','134','J'),('561','1','Fall',2006,'Main','45','L'),('571','1','Spring',2004,'Power','972','I'),('581','1','Spring',2005,'Alumni','547','G'),('591','1','Spring',2005,'Saucon','180','F'),('599','1','Spring',2003,'Chandler','804','D'),('603','1','Fall',2003,'Taylor','812','P'),('604','1','Spring',2009,'Bronfman','700','N'),('612','1','Fall',2007,'Lamberton','143','G'),('626','1','Fall',2006,'Lamberton','143','B'),('629','1','Spring',2003,'Stabler','105','F'),('631','1','Spring',2007,'Taylor','183','E'),('642','1','Fall',2004,'Saucon','113','D'),('663','1','Spring',2005,'Fairchild','145','D'),('679','1','Spring',2010,'Saucon','844','D'),('692','1','Spring',2010,'Taylor','183','I'),('694','1','Fall',2002,'Alumni','143','O'),('696','1','Spring',2002,'Saucon','180','E'),('702','1','Spring',2001,'Saucon','113','O'),('704','1','Spring',2008,'Taylor','812','E'),('735','1','Spring',2003,'Drown','757','D'),('735','2','Spring',2010,'Taylor','183','D'),('747','1','Spring',2004,'Gates','314','K'),('748','1','Fall',2003,'Saucon','180','L'),('760','1','Spring',2004,'Garfield','119','A'),('791','1','Spring',2006,'Polya','808','H'),('793','1','Spring',2002,'Nassau','45','F'),('795','1','Spring',2004,'Lamberton','143','D'),('802','1','Spring',2003,'Saucon','113','J'),('808','1','Fall',2003,'Polya','808','M'),('843','1','Fall',2010,'Fairchild','145','J'),('852','1','Spring',2008,'Gates','707','F'),('864','1','Spring',2006,'Power','972','D'),('867','1','Fall',2006,'Taylor','183','E'),('867','2','Fall',2010,'Lamberton','134','M'),('875','1','Spring',2005,'Power','717','P'),('893','1','Fall',2007,'Fairchild','145','B'),('927','1','Fall',2002,'Saucon','180','F'),('949','1','Fall',2007,'Saucon','180','B'),('959','1','Fall',2006,'Saucon','180','M'),('960','1','Fall',2009,'Lamberton','134','J'),('960','2','Fall',2006,'Power','717','M'),('962','1','Spring',2008,'Nassau','45','L'),('972','1','Spring',2009,'Taylor','183','J'),('974','1','Fall',2003,'Polya','808','H'),('991','1','Spring',2008,'Lamberton','134','J');
/*!40000 ALTER TABLE `section` ENABLE KEYS */;
UNLOCK TABLES;

--
-- Table structure for table `student`
--

DROP TABLE IF EXISTS `student`;
/*!40101 SET @saved_cs_client     = @@character_set_client */;
/*!40101 SET character_set_client = utf8 */;
CREATE TABLE `student` (
  `ID` varchar(5) NOT NULL,
  `name` varchar(20) NOT NULL,
  `dept_name` varchar(20) DEFAULT NULL,
  `tot_cred` decimal(3,0) DEFAULT NULL CHECK (`tot_cred` >= 0),
  PRIMARY KEY (`ID`),
  KEY `dept_name` (`dept_name`),
  CONSTRAINT `student_ibfk_1` FOREIGN KEY (`dept_name`) REFERENCES `department` (`dept_name`) ON DELETE SET NULL
) ENGINE=InnoDB DEFAULT CHARSET=latin1 COLLATE=latin1_swedish_ci;
/*!40101 SET character_set_client = @saved_cs_client */;

--
-- Dumping data for table `student`
--

LOCK TABLES `student` WRITE;
/*!40000 ALTER TABLE `student` DISABLE KEYS */;
INSERT INTO `student` VALUES ('1000','Manber','Civil Eng.',39),('10033','Zelty','Mech. Eng.',60),('10076','Duan','Civil Eng.',105),('1018','Colin','Civil Eng.',81),('10204','Mediratta','Geology',112),('10267','Rzecz','Comp. Sci.',5),('10269','Hilberg','Psychology',75),('10454','Ugarte','Pol. Sci.',120),('10481','Grosch','Astronomy',39),('10527','Kieras','Physics',128),('10556','Reed','English',79),('10663','Okaf','Geology',59),('10693','Zabary','Statistics',111),('107','Shabuno','Math',19),('10705','Terauchi','Physics',48),('10727','Allard','Physics',27),('10736','Veselovsky','Elec. Eng.',62),('108','Dhav','Biology',80),('1080','Xue','Languages',94),('10814','Waks','Elec. Eng.',56),('10834','More','Geology',126),('10838','Marlet','Accounting',91),('1087','Roses','Accounting',73),('10904','Jerns','History',21),('10917','Morales','Cybernetics',54),('11055','Arnoux','Geology',121),('11057','Robinson','Marketing',120),('11076','Prasad','Pol. Sci.',114),('11083','Kerridge','Statistics',113),('11095','Schultz','Languages',51),('1110','Tzeng','Civil Eng.',23),('11101','Glaho','Cybernetics',119),('11126','Englund','Pol. Sci.',76),('11152','Al-Tahat','English',87),('11194','El-Helw','Pol. Sci.',71),('11195','Shiang','Cybernetics',62),('11201','Bianchi','Statistics',0),('11202','Heckman','Math',120),('11237','Rokhs','Physics',5),('11262','Foels','Marketing',117),('11377','Jr','Accounting',100),('11419','Geronimo','Civil Eng.',66),('11422','Saito','Physics',34),('11441','Betho','Languages',36),('11453','Yamashita','Astronomy',109),('11455','Peyse','Athletics',18),('11510','Rakoj','Mech. Eng.',37),('11530','Ng','Marketing',92),('11578','Kwan','Languages',37),('11604','Neff','Pol. Sci.',39),('11682','Juol','Athletics',126),('11855','Mendelzon','Languages',114),('11966','Kowe','Math',69),('12069','Skeen','History',10),('12078','Knutson','Languages',97),('12173','Thimm','English',60),('1220','Hito','Geology',42),('12214','Morales','Languages',51),('12216','Griffiths','Cybernetics',94),('12236','Bricker','Accounting',116),('123','Wingb','Civil Eng.',86),('1232','Marcus','Marketing',110),('12326','Watson','Finance',50),('12362','Zhanr','Civil Eng.',115),('12563','Stone','Marketing',66),('12615','Tewari','Geology',40),('12666','Power','Athletics',118),('12683','Sin','Accounting',115),('12711','Malagoli','Physics',97),('1285','Szczerban','Pol. Sci.',97),('12941','Ren','Marketing',76),('12971','Bumbau','Elec. Eng.',47),('12979','Hammond','Elec. Eng.',5),('13023','Serrano','Marketing',108),('13028','Okano','Geology',89),('13081','Alqui','Languages',112),('13211','Diab','Civil Eng.',66),('13217','Liu','Athletics',95),('13290','Bonatto','Biology',83),('13352','Gorsky','Athletics',53),('13365','Wolter','Mech. Eng.',55),('13403','Latour','English',82),('13408','Bromley','Elec. Eng.',81),('13495','Srini','Pol. Sci.',34),('13504','Zander','Astronomy',90),('13506','Patrick','Physics',85),('13511','Adam','Cybernetics',15),('1367','Ignj','Math',69),('13741','Grieng','Psychology',122),('13749','Alfaro','Marketing',23),('13753','Hoshi','Civil Eng.',68),('13757','Bedny','Astronomy',3),('13826','Sommerfeldt','Pol. Sci.',80),('13880','Lazos','Physics',98),('13921','Berger','Math',120),('1402','Oswald','Comp. Sci.',12),('14023','Deshpande','History',90),('14032','Belhadji','Elec. Eng.',0),('14065','Starker','History',7),('14094','Miao','Comp. Sci.',45),('14182','Moszkowski','Civil Eng.',73),('14214','Yoneda','Cybernetics',129),('14284','Takeshi','Athletics',32),('14432','Whitley','Geology',2),('14484','Langer','Astronomy',62),('14499','Axte','Biology',115),('14554','Ramadan','Psychology',96),('14563','Haigh','Comp. Sci.',16),('14581','Vagn','Biology',129),('14596','Vekk','Biology',105),('1460','Martinsen','History',55),('14621','Azevedo','Astronomy',17),('14628','Lehtinen','Psychology',47),('14639','Sagiv','Mech. Eng.',26),('14668','Malinen','Athletics',20),('14829','Philippe','Accounting',105),('14869','Palmer','Astronomy',106),('14874','Singhal','Comp. Sci.',34),('15030','Massour','Mech. Eng.',44),('15070','Enokib','Math',65),('15074','Kirtane','Physics',36),('15083','Formisano','Physics',50),('15144','Lapio','Statistics',110),('15249','Cheah','Accounting',1),('15283','Williams','Astronomy',0),('15328','Chien','Statistics',129),('1533','She','Statistics',29),('15340','Silbert','Psychology',39),('15430','Sasso','Psychology',39),('15487','Januszewski','Athletics',14),('15517','Anis','Geology',29),('15538','Yeung','Athletics',111),('15578','Pacie','Elec. Eng.',32),('15613','Umehara','Marketing',41),('15698','Dink','Psychology',72),('15726','Neuhold','Finance',27),('15883','Marques','Math',24),('15980','Ross','Athletics',81),('16035','Starker','English',94),('16057','Wicki','Mech. Eng.',114),('16075','Wolter','Pol. Sci.',45),('16133','Orlet','Cybernetics',43),('16250','Uhrig','English',87),('16297','Sacchi','Marketing',44),('163','Bandekar','Finance',49),('16311','Liao','Accounting',33),('16347','Morimoto','Mech. Eng.',2),('16405','Rahman','Languages',5),('16453','Kanata','Astronomy',78),('16467','Meyl','Comp. Sci.',92),('16480','Noga','Psychology',5),('16515','Suppan','Languages',48),('16523','Redw','Math',117),('16528','Angs','Accounting',24),('16543','Toffoli','History',83),('16593','Skuras','Psychology',5),('16631','Stratulat','Biology',20),('16753','Kuwadak','Comp. Sci.',67),('16849','Kantors','Geology',117),('16885','Biehl','Math',59),('16907','Keiss','Accounting',59),('16969','Hakkinen','Finance',70),('17076','King','Statistics',42),('17086','Hazemi','Math',90),('17192','Carroll','Pol. Sci.',75),('17207','Holn','Astronomy',57),('1726','Matsunami','Biology',94),('1727','Ratcliff','Mech. Eng.',49),('17339','Petzo','English',58),('1737','Shinagawa','Biology',118),('17377','Pisini','English',67),('17424','Zouao','English',75),('17507','Mathur','Mech. Eng.',48),('17665','Tewari','English',62),('17676','Michel','Psychology',43),('17769','Pearlman','Biology',45),('17911','Audeh','Biology',92),('17944','Hamarn','Mech. Eng.',5),('17996','Karpist','Finance',103),('18108','Brailsford','Cybernetics',107),('18286','Pang','Finance',110),('1836','Marinov','Elec. Eng.',85),('18583','Ma','Finance',74),('18636','Mori','Statistics',23),('18675','Araya','Statistics',82),('18775','Pampal','Comp. Sci.',89),('18941','Denecker','History',46),('19048','Leuen','Statistics',122),('19220','Hayashi','History',77),('19245','Cai','Comp. Sci.',4),('19342','Bouzeghoub','Finance',35),('19362','Linden','Finance',123),('19450','Asahara','Cybernetics',37),('19582','Canas','Finance',7),('19638','Dawson','Cybernetics',107),('19791','Vanrell','Comp. Sci.',61),('20489','Shuming','History',2),('20540','Cunha','History',58),('21225','Choll','Elec. Eng.',112),('2178','Mingoz','Elec. Eng.',41);
/*!40000 ALTER TABLE `student` ENABLE KEYS */;
UNLOCK TABLES;

--
-- Table structure for table `takes`
--

DROP TABLE IF EXISTS `takes`;
/*!40101 SET @saved_cs_client     = @@character_set_client */;
/*!40101 SET character_set_client = utf8 */;
CREATE TABLE `takes` (
  `ID` varchar(5) NOT NULL,
  `course_id` varchar(8) NOT NULL,
  `sec_id` varchar(8) NOT NULL,
  `semester` varchar(6) NOT NULL,
  `year` decimal(4,0) NOT NULL,
  `grade` varchar(2) DEFAULT NULL,
  PRIMARY KEY (`ID`,`course_id`,`sec_id`,`semester`,`year`),
  KEY `course_id` (`course_id`,`sec_id`,`semester`,`year`),
  CONSTRAINT `takes_ibfk_1` FOREIGN KEY (`course_id`, `sec_id`, `semester`, `year`) REFERENCES `section` (`course_id`, `sec_id`, `semester`, `year`) ON DELETE CASCADE,
  CONSTRAINT `takes_ibfk_2` FOREIGN KEY (`ID`) REFERENCES `student` (`ID`) ON DELETE CASCADE
) ENGINE=InnoDB DEFAULT CHARSET=latin1 COLLATE=latin1_swedish_ci;
/*!40101 SET character_set_client = @saved_cs_client */;

--
-- Dumping data for table `takes`
--

LOCK TABLES `takes` WRITE;
/*!40000 ALTER TABLE `takes` DISABLE KEYS */;
INSERT INTO `takes` VALUES ('1000','239','1','Fall',2006,'C '),('1000','319','1','Spring',2003,'B+'),('1000','362','1','Fall',2005,'B+'),('1000','493','1','Spring',2010,'A-'),('1000','571','1','Spring',2004,'C+'),('1000','642','1','Fall',2004,'C-'),('1000','663','1','Spring',2005,'C+'),('1000','696','1','Spring',2002,'B '),('1000','748','1','Fall',2003,'A '),('1000','802','1','Spring',2003,'C+'),('1000','959','1','Fall',2006,'B+'),('1000','962','1','Spring',2008,'B-'),('1000','972','1','Spring',2009,'B+'),('10033','242','1','Fall',2009,'B '),('10033','334','1','Fall',2009,'C-'),('10033','338','1','Spring',2007,'A '),('10033','338','2','Spring',2006,'C '),('10033','352','1','Spring',2006,'A '),('10033','362','3','Spring',2008,'A-'),('10033','408','1','Spring',2007,'C-'),('10033','408','2','Spring',2003,'B+'),('10033','443','2','Spring',2002,'C-'),('10033','445','1','Spring',2001,'C '),('10033','457','1','Spring',2001,'C-'),('10033','486','1','Fall',2009,'C '),('10033','493','1','Spring',2010,'C-'),('10033','603','1','Fall',2003,'B '),('10033','604','1','Spring',2009,'A-'),('10033','629','1','Spring',2003,'B-'),('10033','679','1','Spring',2010,'A+'),('10033','692','1','Spring',2010,'A '),('10033','702','1','Spring',2001,'A '),('10033','791','1','Spring',2006,'C '),('10033','960','1','Fall',2009,'C+'),('10033','972','1','Spring',2009,'C+'),('10076','105','1','Fall',2009,'C-'),('10076','137','1','Spring',2002,'B+'),('10076','237','1','Spring',2008,'A-'),('10076','482','1','Fall',2005,'A+'),('10076','493','1','Spring',2010,'B+'),('10076','559','1','Fall',2002,'A+'),('10076','629','1','Spring',2003,'C '),('10076','663','1','Spring',2005,'A '),('10076','692','1','Spring',2010,'A-'),('10076','696','1','Spring',2002,'A-'),('10076','704','1','Spring',2008,'B+'),('10076','747','1','Spring',2004,'A+'),('10076','949','1','Fall',2007,'B '),('10076','962','1','Spring',2008,'C+'),('1018','105','1','Fall',2009,'A '),('1018','158','1','Fall',2008,'A-'),('1018','192','1','Fall',2002,'B '),('1018','200','2','Fall',2002,'B-'),('1018','239','1','Fall',2006,'B-'),('1018','274','1','Fall',2002,'A+'),('1018','304','1','Fall',2009,'B '),('1018','319','1','Spring',2003,'C '),('1018','338','1','Spring',2007,'A '),('1018','349','1','Spring',2008,'A-'),('1018','362','3','Spring',2008,'B '),('1018','401','1','Fall',2003,'C '),('1018','421','1','Fall',2004,'C-'),('1018','457','1','Spring',2001,'B+'),('1018','468','1','Fall',2005,'B '),('1018','476','1','Fall',2010,'B+'),('1018','482','1','Fall',2005,'A+'),('1018','581','1','Spring',2005,'B '),('1018','599','1','Spring',2003,'A+'),('1018','603','1','Fall',2003,'C+'),('1018','791','1','Spring',2006,'B '),('1018','972','1','Spring',2009,'C-'),('10204','137','1','Spring',2002,'C '),('10204','169','1','Spring',2007,'A-'),('10204','200','2','Fall',2002,'B-'),('10204','237','2','Fall',2009,'A-'),('10204','274','1','Fall',2002,'B '),('10204','408','2','Spring',2003,'C '),('10204','443','1','Spring',2010,'C '),('10204','692','1','Spring',2010,'B-'),('10204','696','1','Spring',2002,'B-'),('10204','735','2','Spring',2010,'A '),('10204','791','1','Spring',2006,'B-'),('10204','875','1','Spring',2005,'A+'),('10267','192','1','Fall',2002,'B+'),('10267','237','2','Fall',2009,'A+'),('10267','242','1','Fall',2009,'B '),('10267','345','1','Spring',2008,'C-'),('10267','362','2','Fall',2006,'B-'),('10267','366','1','Fall',2005,'A-'),('10267','545','1','Fall',2001,'A+'),('10267','603','1','Fall',2003,'C '),('10267','604','1','Spring',2009,'C-'),('10267','748','1','Fall',2003,'A-'),('10267','793','1','Spring',2002,'C '),('10269','237','2','Fall',2009,'A-'),('10269','352','1','Spring',2006,'C-'),('10269','362','2','Fall',2006,'B '),('10269','408','2','Spring',2003,'C+'),('10269','421','1','Fall',2004,'B-'),('10269','489','1','Fall',2007,'A-'),('10269','631','1','Spring',2007,'B+'),('10269','702','1','Spring',2001,'A+'),('10269','704','1','Spring',2008,'C-'),('10269','893','1','Fall',2007,'B '),('10454','158','1','Fall',2008,'A '),('10454','169','1','Spring',2007,'B+'),('10454','169','2','Fall',2002,'A+'),('10454','270','1','Spring',2010,'B-'),('10454','334','1','Fall',2009,'B-'),('10454','349','1','Spring',2008,'A+'),('10454','468','1','Fall',2005,'A '),('10454','468','2','Fall',2007,'C-'),('10454','482','1','Fall',2005,'C+'),('10454','496','1','Fall',2001,'B '),('10454','561','1','Fall',2006,'B-'),('10454','581','1','Spring',2005,'C+'),('10454','603','1','Fall',2003,'A-'),('10454','629','1','Spring',2003,'C '),('10454','679','1','Spring',2010,'A '),('10454','802','1','Spring',2003,'A-'),('10454','864','1','Spring',2006,'B '),('10454','960','2','Fall',2006,'B '),('10481','169','1','Spring',2007,'A '),('10481','239','1','Fall',2006,'C '),('10481','270','1','Spring',2010,'A '),('10481','319','1','Spring',2003,'A+'),('10481','362','1','Fall',2005,'B-'),('10481','443','2','Spring',2002,'C '),('10481','461','1','Fall',2002,'A-'),('10481','559','1','Fall',2002,'A+'),('10481','571','1','Spring',2004,'C '),('10481','581','1','Spring',2005,'A+'),('10481','612','1','Fall',2007,'B '),('10481','696','1','Spring',2002,'C '),('10481','702','1','Spring',2001,'A+'),('10481','747','1','Spring',2004,'B+'),('10481','852','1','Spring',2008,'C '),('10481','960','1','Fall',2009,'A+'),('10481','972','1','Spring',2009,'C+'),('10527','105','1','Fall',2009,'B-'),('10527','105','2','Fall',2002,'C-'),('10527','304','1','Fall',2009,'A-'),('10527','362','1','Fall',2005,'C '),('10527','362','3','Spring',2008,'C '),('10527','426','1','Spring',2006,'A-'),('10527','468','2','Fall',2007,'C '),('10527','496','1','Fall',2001,'C+'),('10527','545','1','Fall',2001,'B+'),('10527','571','1','Spring',2004,'B+'),('10527','599','1','Spring',2003,'A+'),('10527','603','1','Fall',2003,'A-'),('10527','604','1','Spring',2009,'A-'),('10527','631','1','Spring',2007,'C-'),('10527','679','1','Spring',2010,'C '),('10527','735','2','Spring',2010,'A '),('10527','843','1','Fall',2010,'B+'),('10527','864','1','Spring',2006,'B+'),('10527','867','2','Fall',2010,'C+'),('10527','962','1','Spring',2008,'B+'),('10527','972','1','Spring',2009,'B+'),('10556','105','1','Fall',2009,'B+'),('10556','239','1','Fall',2006,'A+'),('10556','338','1','Spring',2007,'B+'),('10556','376','1','Fall',2006,'B+'),('10556','561','1','Fall',2006,'C-'),('10556','603','1','Fall',2003,'A '),('10556','747','1','Spring',2004,'C+'),('10556','843','1','Fall',2010,'A '),('10556','949','1','Fall',2007,'A '),('10556','962','1','Spring',2008,'A '),('10556','991','1','Spring',2008,'B+'),('10663','192','1','Fall',2002,'C+'),('10663','237','1','Spring',2008,'B+'),('10663','239','1','Fall',2006,'A+'),('10663','362','1','Fall',2005,'A-'),('10663','362','3','Spring',2008,'A '),('10663','415','1','Fall',2010,'C '),('10663','443','1','Spring',2010,'B+'),('10663','489','1','Fall',2007,'B-'),('10663','527','1','Fall',2004,'C+'),('10663','571','1','Spring',2004,'B-'),('10663','604','1','Spring',2009,'A '),('10663','735','1','Spring',2003,'B-'),('10663','808','1','Fall',2003,'C-'),('10663','852','1','Spring',2008,'A '),('10663','959','1','Fall',2006,'C '),('10663','972','1','Spring',2009,'B+'),('10663','974','1','Fall',2003,'C '),('10693','105','2','Fall',2002,'A+'),('10693','362','1','Fall',2005,'C-'),('10693','376','1','Fall',2006,'C '),('10693','415','1','Fall',2010,'C+'),('10693','486','1','Fall',2009,'C+'),('10693','527','1','Fall',2004,'A+'),('10693','545','1','Fall',2001,'C+'),('10693','612','1','Fall',2007,'B+'),('10693','642','1','Fall',2004,'B-'),('10693','692','1','Spring',2010,'C+'),('10693','704','1','Spring',2008,'C+'),('10693','793','1','Spring',2002,'B+'),('10693','949','1','Fall',2007,'A-'),('10693','959','1','Fall',2006,'B-'),('107','105','2','Fall',2002,'A-'),('107','200','1','Spring',2007,'C+'),('107','274','1','Fall',2002,'A+'),('107','304','1','Fall',2009,'B '),('107','334','1','Fall',2009,'C+'),('107','349','1','Spring',2008,'B-'),('107','362','1','Fall',2005,'A '),('107','362','2','Fall',2006,'B '),('107','366','1','Fall',2005,'B-'),('107','408','2','Spring',2003,'A '),('107','443','2','Spring',2002,'C-'),('107','445','1','Spring',2001,'A+'),('107','457','1','Spring',2001,'A '),('107','591','1','Spring',2005,'C '),('107','599','1','Spring',2003,'A '),('107','642','1','Fall',2004,'C '),('107','663','1','Spring',2005,'B+'),('107','679','1','Spring',2010,'A+'),('107','704','1','Spring',2008,'B-'),('107','735','2','Spring',2010,'A '),('107','795','1','Spring',2004,'C-'),('107','867','1','Fall',2006,'A+'),('107','867','2','Fall',2010,'B+'),('107','949','1','Fall',2007,'A '),('107','972','1','Spring',2009,'C-'),('10705','200','1','Spring',2007,'C-'),('10705','258','1','Fall',2007,'C-'),('10705','349','1','Spring',2008,'C+'),('10705','362','2','Fall',2006,'A-'),('10705','408','1','Spring',2007,'C '),('10705','468','1','Fall',2005,'C-'),('10705','489','1','Fall',2007,'B '),('10705','604','1','Spring',2009,'B+'),('10705','631','1','Spring',2007,'B-'),('10705','642','1','Fall',2004,'A-'),('10705','663','1','Spring',2005,'C-'),('10705','702','1','Spring',2001,'B-'),('10705','795','1','Spring',2004,'C '),('10705','802','1','Spring',2003,'A-'),('10705','949','1','Fall',2007,'A-'),('10705','959','1','Fall',2006,'A-'),('10705','960','1','Fall',2009,'C+'),('10727','237','1','Spring',2008,'B '),('10727','258','1','Fall',2007,'B+'),('10727','338','1','Spring',2007,'C-'),('10727','352','1','Spring',2006,'C-'),('10727','400','2','Fall',2003,'C-'),('10727','443','1','Spring',2010,'B-'),('10727','468','1','Fall',2005,'A-'),('10727','486','1','Fall',2009,'B+'),('10727','545','1','Fall',2001,'B-'),('10727','642','1','Fall',2004,'A+'),('10727','692','1','Spring',2010,'B+'),('10727','696','1','Spring',2002,'B+'),('10727','704','1','Spring',2008,'B+'),('10727','802','1','Spring',2003,'C-'),('10727','959','1','Fall',2006,'B '),('10727','962','1','Spring',2008,'A-'),('10736','349','1','Spring',2008,'A-'),('10736','366','1','Fall',2005,'A-'),('10736','489','1','Fall',2007,'C+'),('10736','493','1','Spring',2010,'C-'),('10736','559','1','Fall',2002,'C-'),('10736','571','1','Spring',2004,'B+'),('10736','626','1','Fall',2006,'C '),('10736','735','2','Spring',2010,'A+'),('10736','808','1','Fall',2003,'C+'),('10736','864','1','Spring',2006,'A+'),('10736','867','2','Fall',2010,'C+'),('10736','974','1','Fall',2003,'C+'),('108','105','2','Fall',2002,'B+'),('108','239','1','Fall',2006,'A+'),('108','338','1','Spring',2007,'C+'),('108','345','1','Spring',2008,'A-'),('108','401','1','Fall',2003,'C '),('108','443','1','Spring',2010,'B-'),('108','457','1','Spring',2001,'C '),('108','493','1','Spring',2010,'A-'),('108','631','1','Spring',2007,'B '),('108','694','1','Fall',2002,'C-'),('108','696','1','Spring',2002,'B-'),('108','704','1','Spring',2008,'A-'),('108','747','1','Spring',2004,'A+'),('108','802','1','Spring',2003,'A-'),('108','893','1','Fall',2007,'C+'),('108','991','1','Spring',2008,'C+'),('1080','105','2','Fall',2002,'C+'),('1080','200','1','Spring',2007,'C-'),('1080','352','1','Spring',2006,'B '),('1080','443','1','Spring',2010,'C-'),('1080','468','2','Fall',2007,'A-'),('1080','493','1','Spring',2010,'A-'),('1080','591','1','Spring',2005,'A-'),('1080','704','1','Spring',2008,'A '),('1080','747','1','Spring',2004,'C-'),('1080','808','1','Fall',2003,'A+'),('1080','867','1','Fall',2006,'C-'),('1080','960','1','Fall',2009,'C '),('1080','974','1','Fall',2003,'B+'),('10814','105','1','Fall',2009,'C-'),('10814','169','2','Fall',2002,'C+'),('10814','313','1','Fall',2010,'B '),('10814','352','1','Spring',2006,'A-'),('10814','445','1','Spring',2001,'A '),('10814','493','1','Spring',2010,'C-'),('10814','527','1','Fall',2004,'C+'),('10814','581','1','Spring',2005,'C '),('10814','591','1','Spring',2005,'B+'),('10814','629','1','Spring',2003,'C '),('10814','631','1','Spring',2007,'B-'),('10814','692','1','Spring',2010,'A-'),('10814','694','1','Fall',2002,'A-'),('10814','735','2','Spring',2010,'C+'),('10814','793','1','Spring',2002,'B-'),('10814','843','1','Fall',2010,'B '),('10814','972','1','Spring',2009,'B+'),('10834','169','1','Spring',2007,'C+'),('10834','192','1','Fall',2002,'B+'),('10834','334','1','Fall',2009,'A '),('10834','338','2','Spring',2006,'B-'),('10834','352','1','Spring',2006,'A '),('10834','366','1','Fall',2005,'B '),('10834','400','2','Fall',2003,'C '),('10834','426','1','Spring',2006,'C-'),('10834','443','1','Spring',2010,'A-'),('10834','443','2','Spring',2002,'C+'),('10834','445','1','Spring',2001,'B+'),('10834','468','1','Fall',2005,'B-'),('10834','489','1','Fall',2007,'B-'),('10834','559','1','Fall',2002,'C-'),('10834','581','1','Spring',2005,'B '),('10834','603','1','Fall',2003,'B-'),('10834','612','1','Fall',2007,'A '),('10834','735','2','Spring',2010,'B+'),('10834','867','1','Fall',2006,'C-'),('10834','893','1','Fall',2007,'A-'),('10834','962','1','Spring',2008,'B '),('10834','974','1','Fall',2003,'B+'),('10838','237','2','Fall',2009,'C '),('10838','362','1','Fall',2005,'A '),('10838','400','2','Fall',2003,'B '),('10838','408','2','Spring',2003,'C+'),('10838','415','1','Fall',2010,'B+'),('10838','457','1','Spring',2001,'A '),('10838','468','2','Fall',2007,'B-'),('10838','561','1','Fall',2006,'B '),('10838','603','1','Fall',2003,'A-'),('10838','604','1','Spring',2009,'B-'),('10838','631','1','Spring',2007,'B '),('10838','663','1','Spring',2005,'C+'),('10838','702','1','Spring',2001,'B '),('10838','760','1','Spring',2004,'C+'),('10838','852','1','Spring',2008,'A '),('10838','875','1','Spring',2005,'B-'),('10838','927','1','Fall',2002,'A-'),('10838','962','1','Spring',2008,'B+'),('1087','192','1','Fall',2002,'A+'),('1087','200','2','Fall',2002,'B '),('1087','237','1','Spring',2008,'B '),('1087','400','2','Fall',2003,'C+'),('1087','443','2','Spring',2002,'C+'),('1087','461','1','Fall',2002,'B '),('1087','486','1','Fall',2009,'B '),('1087','496','1','Fall',2001,'A-'),('1087','545','1','Fall',2001,'C-'),('1087','561','1','Fall',2006,'A-'),('1087','581','1','Spring',2005,'B '),('1087','679','1','Spring',2010,'B-'),('1087','702','1','Spring',2001,'B+'),('1087','747','1','Spring',2004,'A-'),('1087','864','1','Spring',2006,'A '),('1087','893','1','Fall',2007,'B '),('1087','991','1','Spring',2008,'B+'),('10904','105','1','Fall',2009,'B+'),('10904','105','2','Fall',2002,'A '),('10904','169','1','Spring',2007,'A-'),('10904','237','2','Fall',2009,'A '),('10904','362','2','Fall',2006,'B+'),('10904','401','1','Fall',2003,'B+'),('10904','493','1','Spring',2010,'C-'),('10904','581','1','Spring',2005,'B+'),('10904','612','1','Fall',2007,'B-'),('10904','629','1','Spring',2003,'A-'),('10904','696','1','Spring',2002,'B+'),('10904','735','1','Spring',2003,'A+'),('10904','735','2','Spring',2010,'C+'),('10904','795','1','Spring',2004,'A '),('10904','802','1','Spring',2003,'A+'),('10904','927','1','Fall',2002,'B+'),('10904','972','1','Spring',2009,'C+'),('10904','991','1','Spring',2008,'B+'),('10917','158','2','Spring',2008,'A+'),('10917','200','2','Fall',2002,'C '),('10917','237','1','Spring',2008,'B '),('10917','239','1','Fall',2006,'C+'),('10917','338','2','Spring',2006,'B '),('10917','468','2','Fall',2007,'C-'),('10917','486','1','Fall',2009,'C-'),('10917','559','1','Fall',2002,'C+'),('10917','696','1','Spring',2002,'A+'),('10917','704','1','Spring',2008,'C-'),('10917','735','1','Spring',2003,'B+'),('10917','802','1','Spring',2003,'A-'),('10917','843','1','Fall',2010,'B-'),('10917','960','1','Fall',2009,'B+'),('10917','960','2','Fall',2006,'A '),('10917','972','1','Spring',2009,'C-'),('10917','974','1','Fall',2003,'C-'),('11055','105','2','Fall',2002,'B+'),('11055','200','1','Spring',2007,'C-'),('11055','349','1','Spring',2008,'C '),('11055','426','1','Spring',2006,'B-'),('11055','443','2','Spring',2002,'A+'),('11055','445','1','Spring',2001,'A+'),('11055','457','1','Spring',2001,'C+'),('11055','468','2','Fall',2007,'A+'),('11055','486','1','Fall',2009,'B+'),('11055','604','1','Spring',2009,'B+'),('11055','612','1','Fall',2007,'A '),('11055','629','1','Spring',2003,'A '),('11055','702','1','Spring',2001,'C+'),('11055','843','1','Fall',2010,'A-'),('11055','852','1','Spring',2008,'A+'),('11055','867','1','Fall',2006,'C '),('11057','158','1','Fall',2008,'B '),('11057','237','1','Spring',2008,'B-'),('11057','237','2','Fall',2009,'A '),('11057','270','1','Spring',2010,'B+'),('11057','345','1','Spring',2008,'A+'),('11057','362','3','Spring',2008,'B-'),('11057','527','1','Fall',2004,'B-'),('11057','559','1','Fall',2002,'B+'),('11057','642','1','Fall',2004,'A+'),('11057','704','1','Spring',2008,'B+'),('11057','735','1','Spring',2003,'C+'),('11057','795','1','Spring',2004,'A-'),('11057','802','1','Spring',2003,'A '),('11057','843','1','Fall',2010,'C '),('11076','258','1','Fall',2007,'A+'),('11076','349','1','Spring',2008,'C+'),('11076','362','3','Spring',2008,'A+'),('11076','476','1','Fall',2010,'A-'),('11076','629','1','Spring',2003,'A '),('11076','631','1','Spring',2007,'B+'),('11076','642','1','Fall',2004,'A '),('11076','702','1','Spring',2001,'B '),('11076','960','2','Fall',2006,'C+'),('11076','974','1','Fall',2003,'B-'),('11083','237','2','Fall',2009,'B-'),('11083','338','2','Spring',2006,'C-'),('11083','349','1','Spring',2008,'C '),('11083','400','2','Fall',2003,'A-'),('11083','443','1','Spring',2010,'B '),('11083','629','1','Spring',2003,'A-'),('11083','702','1','Spring',2001,'A '),('11083','793','1','Spring',2002,'A-'),('11083','960','1','Fall',2009,'C+'),('11083','991','1','Spring',2008,'C+'),('11095','158','2','Spring',2008,'B '),('11095','192','1','Fall',2002,'A-'),('11095','200','1','Spring',2007,'B-'),('11095','242','1','Fall',2009,'C-'),('11095','304','1','Fall',2009,'A+'),('11095','345','1','Spring',2008,'C+'),('11095','349','1','Spring',2008,'C+'),('11095','421','1','Fall',2004,'B '),('11095','443','1','Spring',2010,'C-'),('11095','457','1','Spring',2001,'A '),('11095','461','1','Fall',2002,'A-'),('11095','486','1','Fall',2009,'B+'),('11095','603','1','Fall',2003,'C '),('11095','612','1','Fall',2007,'A '),('11095','626','1','Fall',2006,'A '),('11095','629','1','Spring',2003,'A-'),('11095','679','1','Spring',2010,'C '),('11095','802','1','Spring',2003,'B '),('11095','843','1','Fall',2010,'B-'),('11095','959','1','Fall',2006,'B-'),('1110','258','1','Fall',2007,'C-'),('1110','313','1','Fall',2010,'A-'),('1110','338','2','Spring',2006,'C '),('1110','400','1','Spring',2007,'C+'),('1110','443','1','Spring',2010,'A-'),('1110','482','1','Fall',2005,'C-'),('1110','496','1','Fall',2001,'A-'),('1110','561','1','Fall',2006,'A '),('1110','581','1','Spring',2005,'A '),('1110','599','1','Spring',2003,'C+'),('1110','612','1','Fall',2007,'A-'),('1110','692','1','Spring',2010,'A+'),('1110','694','1','Fall',2002,'B+'),('1110','735','1','Spring',2003,'A-'),('1110','747','1','Spring',2004,'B '),('1110','791','1','Spring',2006,'C '),('1110','802','1','Spring',2003,'A-'),('1110','960','1','Fall',2009,'C '),('1110','974','1','Fall',2003,'C+'),('11101','192','1','Fall',2002,'B '),('11101','239','1','Fall',2006,'B+'),('11101','319','1','Spring',2003,'B-'),('11101','338','1','Spring',2007,'C-'),('11101','376','1','Fall',2006,'C+'),('11101','867','1','Fall',2006,'C '),('11101','867','2','Fall',2010,'C+'),('11126','304','1','Fall',2009,'B+'),('11126','334','1','Fall',2009,'A-'),('11126','362','3','Spring',2008,'B+'),('11126','401','1','Fall',2003,'B-'),('11126','408','1','Spring',2007,'A-'),('11126','415','1','Fall',2010,'B '),('11126','461','1','Fall',2002,'B '),('11126','493','1','Spring',2010,'B+'),('11126','626','1','Fall',2006,'C+'),('11126','631','1','Spring',2007,'C-'),('11126','642','1','Fall',2004,'B+'),('11126','735','2','Spring',2010,'B '),('11126','867','1','Fall',2006,'A+'),('11126','962','1','Spring',2008,'A-'),('11152','105','1','Fall',2009,'A+'),('11152','200','1','Spring',2007,'B+'),('11152','237','2','Fall',2009,'A+'),('11152','313','1','Fall',2010,'C-'),('11152','338','1','Spring',2007,'A-'),('11152','366','1','Fall',2005,'C+'),('11152','415','1','Fall',2010,'C+'),('11152','426','1','Spring',2006,'C-'),('11152','443','2','Spring',2002,'C '),('11152','561','1','Fall',2006,'A+'),('11152','631','1','Spring',2007,'B+'),('11152','692','1','Spring',2010,'B+'),('11152','694','1','Fall',2002,'A+'),('11152','704','1','Spring',2008,'C+'),('11152','747','1','Spring',2004,'A-'),('11152','808','1','Fall',2003,'A+'),('11152','843','1','Fall',2010,'B-'),('11152','893','1','Fall',2007,'B-'),('11194','200','1','Spring',2007,'B+'),('11194','200','2','Fall',2002,'B+'),('11194','242','1','Fall',2009,'B+'),('11194','345','1','Spring',2008,'A-'),('11194','421','1','Fall',2004,'A '),('11194','445','1','Spring',2001,'A-'),('11194','489','1','Fall',2007,'A '),('11194','545','1','Fall',2001,'B-'),('11194','559','1','Fall',2002,'A '),('11194','591','1','Spring',2005,'B+'),('11194','642','1','Fall',2004,'C+'),('11194','692','1','Spring',2010,'B+'),('11194','791','1','Spring',2006,'C-'),('11194','795','1','Spring',2004,'A-'),('11194','867','2','Fall',2010,'B '),('11194','893','1','Fall',2007,'A-'),('11194','927','1','Fall',2002,'C-'),('11195','105','1','Fall',2009,'A '),('11195','239','1','Fall',2006,'C+'),('11195','258','1','Fall',2007,'B+'),('11195','362','2','Fall',2006,'C+'),('11195','591','1','Spring',2005,'A-'),('11195','599','1','Spring',2003,'C-'),('11195','735','1','Spring',2003,'B+'),('11195','802','1','Spring',2003,'C+'),('11195','875','1','Spring',2005,'B+'),('11195','959','1','Fall',2006,'B-'),('11195','960','2','Fall',2006,'A-'),('11195','972','1','Spring',2009,'C '),('11201','158','2','Spring',2008,'A+'),('11201','319','1','Spring',2003,'B '),('11201','338','2','Spring',2006,'C '),('11201','349','1','Spring',2008,'B+'),('11201','362','3','Spring',2008,'A+'),('11201','468','1','Fall',2005,'A '),('11201','476','1','Fall',2010,'C-'),('11201','581','1','Spring',2005,'A '),('11201','626','1','Fall',2006,'A-'),('11201','631','1','Spring',2007,'C '),('11201','702','1','Spring',2001,'C+'),('11201','760','1','Spring',2004,'B-'),('11201','793','1','Spring',2002,'B '),('11201','802','1','Spring',2003,'B+'),('11201','843','1','Fall',2010,'B+'),('11201','867','2','Fall',2010,'C+'),('11201','875','1','Spring',2005,'C-'),('11201','959','1','Fall',2006,'C '),('11201','960','1','Fall',2009,'A '),('11202','105','1','Fall',2009,'C-'),('11202','200','2','Fall',2002,'A '),('11202','237','1','Spring',2008,'A '),('11202','270','1','Spring',2010,'A '),('11202','313','1','Fall',2010,'C '),('11202','349','1','Spring',2008,'B '),('11202','376','1','Fall',2006,'C-'),('11202','400','2','Fall',2003,'B '),('11202','426','1','Spring',2006,'A '),('11202','443','2','Spring',2002,'B '),('11202','457','1','Spring',2001,'A+'),('11202','599','1','Spring',2003,'B-'),('11202','612','1','Fall',2007,'A-'),('11237','137','1','Spring',2002,'B-'),('11237','200','2','Fall',2002,'C+'),('11237','237','2','Fall',2009,'A+'),('11237','304','1','Fall',2009,'C '),('11237','338','2','Spring',2006,'B-'),('11237','486','1','Fall',2009,'B-'),('11237','559','1','Fall',2002,'C+'),('11237','702','1','Spring',2001,'B-'),('11237','747','1','Spring',2004,'B+'),('11237','748','1','Fall',2003,'A '),('11237','808','1','Fall',2003,'A '),('11237','852','1','Spring',2008,'A '),('11237','867','1','Fall',2006,'B-'),('11237','960','1','Fall',2009,'C+'),('11237','972','1','Spring',2009,'B+'),('11237','991','1','Spring',2008,'B+'),('11262','105','2','Fall',2002,'B+'),('11262','158','1','Fall',2008,'C+'),('11262','200','1','Spring',2007,'C '),('11262','200','2','Fall',2002,'B-'),('11262','237','1','Spring',2008,'A '),('11262','237','2','Fall',2009,'B-'),('11262','270','1','Spring',2010,'C+'),('11262','304','1','Fall',2009,'C-'),('11262','362','1','Fall',2005,'A '),('11262','408','1','Spring',2007,'B-'),('11262','408','2','Spring',2003,'B+'),('11262','415','1','Fall',2010,'C '),('11262','426','1','Spring',2006,'A '),('11262','461','1','Fall',2002,'C '),('11262','493','1','Spring',2010,'A+'),('11262','631','1','Spring',2007,'C+'),('11262','747','1','Spring',2004,'B '),('11262','808','1','Fall',2003,'A '),('11262','864','1','Spring',2006,'A-'),('11262','962','1','Spring',2008,'A+'),('11377','169','1','Spring',2007,'A '),('11377','237','2','Fall',2009,'B-'),('11377','274','1','Fall',2002,'C+'),('11377','401','1','Fall',2003,'B-'),('11377','468','2','Fall',2007,'C+'),('11377','545','1','Fall',2001,'B '),('11377','571','1','Spring',2004,'B-'),('11377','581','1','Spring',2005,'B-'),('11377','631','1','Spring',2007,'B+'),('11377','692','1','Spring',2010,'B+'),('11377','704','1','Spring',2008,'C-'),('11377','795','1','Spring',2004,'B+'),('11377','949','1','Fall',2007,'A '),('11419','158','1','Fall',2008,'B '),('11419','169','1','Spring',2007,'A+'),('11419','237','1','Spring',2008,'B-'),('11419','270','1','Spring',2010,'A '),('11419','304','1','Fall',2009,'C-'),('11419','338','1','Spring',2007,'C '),('11419','366','1','Fall',2005,'B+'),('11419','486','1','Fall',2009,'C+'),('11419','527','1','Fall',2004,'C-'),('11419','545','1','Fall',2001,'B+'),('11419','599','1','Spring',2003,'B+'),('11419','663','1','Spring',2005,'B '),('11419','802','1','Spring',2003,'C-'),('11419','864','1','Spring',2006,'A+'),('11419','960','2','Fall',2006,'C+'),('11422','169','2','Fall',2002,'C+'),('11422','274','1','Fall',2002,'A-'),('11422','334','1','Fall',2009,'B '),('11422','345','1','Spring',2008,'A+'),('11422','362','1','Fall',2005,'A-'),('11422','362','3','Spring',2008,'C '),('11422','426','1','Spring',2006,'B+'),('11422','468','1','Fall',2005,'A-'),('11422','559','1','Fall',2002,'C+'),('11422','581','1','Spring',2005,'C '),('11422','591','1','Spring',2005,'C+'),('11422','629','1','Spring',2003,'A-'),('11422','694','1','Fall',2002,'C+'),('11422','702','1','Spring',2001,'A+'),('11422','704','1','Spring',2008,'B+'),('11422','991','1','Spring',2008,'A-'),('11441','158','2','Spring',2008,'B '),('11441','239','1','Fall',2006,'A '),('11441','408','1','Spring',2007,'A '),('11441','443','1','Spring',2010,'B+'),('11441','486','1','Fall',2009,'C+'),('11441','496','1','Fall',2001,'A '),('11441','571','1','Spring',2004,'B+'),('11441','629','1','Spring',2003,'A+'),('11441','696','1','Spring',2002,'A '),('11441','735','1','Spring',2003,'A-'),('11453','274','1','Fall',2002,'A '),('11453','334','1','Fall',2009,'A-'),('11453','366','1','Fall',2005,'C-'),('11453','426','1','Spring',2006,'C-'),('11453','443','1','Spring',2010,'C '),('11453','476','1','Fall',2010,'A+'),('11453','482','1','Fall',2005,'C-'),('11453','581','1','Spring',2005,'C+'),('11453','591','1','Spring',2005,'B '),('11453','663','1','Spring',2005,'B+'),('11453','696','1','Spring',2002,'B '),('11453','747','1','Spring',2004,'C '),('11453','795','1','Spring',2004,'A '),('11453','843','1','Fall',2010,'C-'),('11453','867','2','Fall',2010,'B-'),('11453','959','1','Fall',2006,'A '),('11455','105','2','Fall',2002,'B '),('11455','137','1','Spring',2002,'A+'),('11455','169','2','Fall',2002,'C+'),('11455','468','1','Fall',2005,'B-'),('11455','468','2','Fall',2007,'A-'),('11455','476','1','Fall',2010,'A+'),('11455','493','1','Spring',2010,'A '),('11455','591','1','Spring',2005,'C-'),('11455','642','1','Fall',2004,'C+'),('11455','959','1','Fall',2006,'C+'),('11455','974','1','Fall',2003,'A '),('11510','192','1','Fall',2002,'A '),('11510','237','1','Spring',2008,'B-'),('11510','239','1','Fall',2006,'B-'),('11510','274','1','Fall',2002,'B+'),('11510','362','1','Fall',2005,'B '),('11510','376','1','Fall',2006,'A+'),('11510','443','2','Spring',2002,'A+'),('11510','482','1','Fall',2005,'C+'),('11510','496','1','Fall',2001,'A-'),('11510','527','1','Fall',2004,'B '),('11510','591','1','Spring',2005,'C+'),('11510','791','1','Spring',2006,'A+'),('11510','875','1','Spring',2005,'B-'),('11510','962','1','Spring',2008,'B+'),('11510','974','1','Fall',2003,'C+'),('11530','158','2','Spring',2008,'B '),('11530','313','1','Fall',2010,'B '),('11530','319','1','Spring',2003,'C '),('11530','338','2','Spring',2006,'A+'),('11530','421','1','Fall',2004,'B '),('11530','445','1','Spring',2001,'B-'),('11530','457','1','Spring',2001,'B+'),('11530','476','1','Fall',2010,'C '),('11530','591','1','Spring',2005,'A-'),('11530','603','1','Fall',2003,'B-'),('11530','604','1','Spring',2009,'B-'),('11530','702','1','Spring',2001,'C '),('11530','864','1','Spring',2006,'C-'),('11530','875','1','Spring',2005,'C+'),('11530','960','1','Fall',2009,'B-'),('11578','158','1','Fall',2008,'C-'),('11578','192','1','Fall',2002,'A+'),('11578','200','1','Spring',2007,'C '),('11578','319','1','Spring',2003,'B '),('11578','352','1','Spring',2006,'A+'),('11578','468','1','Fall',2005,'A '),('11578','476','1','Fall',2010,'A '),('11578','631','1','Spring',2007,'A-'),('11578','642','1','Fall',2004,'C+'),('11578','692','1','Spring',2010,'A '),('11578','696','1','Spring',2002,'B '),('11578','747','1','Spring',2004,'C-'),('11578','791','1','Spring',2006,'B+'),('11578','864','1','Spring',2006,'B '),('11578','927','1','Fall',2002,'A+'),('11578','949','1','Fall',2007,'B-'),('11578','959','1','Fall',2006,'A-'),('11578','972','1','Spring',2009,'A-'),('11578','974','1','Fall',2003,'C '),('11578','991','1','Spring',2008,'C '),('11604','408','2','Spring',2003,'B+'),('11604','468','1','Fall',2005,'C '),('11604','545','1','Fall',2001,'A+'),('11604','599','1','Spring',2003,'A-'),('11604','604','1','Spring',2009,'A '),('11604','747','1','Spring',2004,'C+'),('11604','949','1','Fall',2007,'A '),('11604','959','1','Fall',2006,'C '),('11604','991','1','Spring',2008,'C+'),('11682','169','2','Fall',2002,'C-'),('11682','313','1','Fall',2010,'A+'),('11682','443','1','Spring',2010,'C-'),('11682','702','1','Spring',2001,'B+'),('11682','735','1','Spring',2003,'C '),('11682','867','2','Fall',2010,'B-'),('11682','949','1','Fall',2007,'C-'),('11682','960','2','Fall',2006,'C+'),('11855','137','1','Spring',2002,'B-'),('11855','258','1','Fall',2007,'A+'),('11855','270','1','Spring',2010,'C-'),('11855','274','1','Fall',2002,'B+'),('11855','362','1','Fall',2005,'C-'),('11855','366','1','Fall',2005,'A-'),('11855','376','1','Fall',2006,'B-'),('11855','400','1','Spring',2007,'C+'),('11855','408','1','Spring',2007,'A-'),('11855','408','2','Spring',2003,'C+'),('11855','443','2','Spring',2002,'A '),('11855','445','1','Spring',2001,'B '),('11855','482','1','Fall',2005,'B-'),('11855','571','1','Spring',2004,'A-'),('11855','581','1','Spring',2005,'A-'),('11855','599','1','Spring',2003,'C '),('11855','696','1','Spring',2002,'C+'),('11855','852','1','Spring',2008,'C-'),('11966','158','1','Fall',2008,'C-'),('11966','169','2','Fall',2002,'C+'),('11966','242','1','Fall',2009,'B '),('11966','258','1','Fall',2007,'B '),('11966','338','2','Spring',2006,'C+'),('11966','352','1','Spring',2006,'B-'),('11966','401','1','Fall',2003,'B '),('11966','445','1','Spring',2001,'C-'),('11966','493','1','Spring',2010,'B '),('11966','545','1','Fall',2001,'B+'),('11966','581','1','Spring',2005,'B '),('11966','599','1','Spring',2003,'C '),('11966','612','1','Fall',2007,'B-'),('11966','663','1','Spring',2005,'B+'),('11966','679','1','Spring',2010,'C-'),('11966','694','1','Fall',2002,'C+'),('11966','864','1','Spring',2006,'C '),('11966','867','2','Fall',2010,'B+'),('11966','893','1','Fall',2007,'C '),('11966','962','1','Spring',2008,'C-'),('12069','105','1','Fall',2009,'A+'),('12069','105','2','Fall',2002,'B+'),('12069','237','2','Fall',2009,'C-'),('12069','376','1','Fall',2006,'C+'),('12069','401','1','Fall',2003,'A+'),('12069','443','2','Spring',2002,'C+'),('12069','468','1','Fall',2005,'C-'),('12069','496','1','Fall',2001,'A-'),('12069','599','1','Spring',2003,'B+'),('12069','642','1','Fall',2004,'C+'),('12069','663','1','Spring',2005,'A '),('12069','694','1','Fall',2002,'A '),('12069','702','1','Spring',2001,'C+'),('12069','748','1','Fall',2003,'A-'),('12069','795','1','Spring',2004,'A+'),('12069','852','1','Spring',2008,'C '),('12069','949','1','Fall',2007,'C-'),('12069','960','1','Fall',2009,'A+'),('12069','972','1','Spring',2009,'A '),('12078','105','1','Fall',2009,'C+'),('12078','200','1','Spring',2007,'B-'),('12078','200','2','Fall',2002,'B '),('12078','239','1','Fall',2006,'C-'),('12078','319','1','Spring',2003,'C-'),('12078','362','2','Fall',2006,'A-'),('12078','362','3','Spring',2008,'B '),('12078','408','1','Spring',2007,'B+'),('12078','443','1','Spring',2010,'C '),('12078','445','1','Spring',2001,'A+'),('12078','468','2','Fall',2007,'B '),('12078','482','1','Fall',2005,'B+'),('12078','486','1','Fall',2009,'C+'),('12078','493','1','Spring',2010,'A-'),('12078','559','1','Fall',2002,'A-'),('12078','581','1','Spring',2005,'B-'),('12078','603','1','Fall',2003,'C-'),('12078','642','1','Fall',2004,'C+'),('12078','663','1','Spring',2005,'A '),('12078','679','1','Spring',2010,'B-'),('12078','791','1','Spring',2006,'C '),('12078','795','1','Spring',2004,'B '),('12078','808','1','Fall',2003,'B+'),('12078','893','1','Fall',2007,'A-'),('12078','962','1','Spring',2008,'A '),('12078','972','1','Spring',2009,'C+'),('12078','974','1','Fall',2003,'B-'),('12173','137','1','Spring',2002,'C+'),('12173','192','1','Fall',2002,'A+'),('12173','237','2','Fall',2009,'A-'),('12173','239','1','Fall',2006,'A+'),('12173','352','1','Spring',2006,'C+'),('12173','468','2','Fall',2007,'B+'),('12173','486','1','Fall',2009,'B '),('12173','489','1','Fall',2007,'C-'),('12173','629','1','Spring',2003,'A+'),('12173','808','1','Fall',2003,'A-'),('1220','158','1','Fall',2008,'A-'),('1220','237','2','Fall',2009,'C '),('1220','319','1','Spring',2003,'B-'),('1220','334','1','Fall',2009,'A '),('1220','476','1','Fall',2010,'C '),('1220','493','1','Spring',2010,'A-'),('1220','559','1','Fall',2002,'C '),('1220','631','1','Spring',2007,'A '),('1220','843','1','Fall',2010,'B '),('1220','864','1','Spring',2006,'C-'),('1220','893','1','Fall',2007,'C-'),('1220','960','2','Fall',2006,'C '),('12214','169','1','Spring',2007,'A-'),('12214','237','2','Fall',2009,'B+'),('12214','304','1','Fall',2009,'C+'),('12214','345','1','Spring',2008,'A+'),('12214','362','1','Fall',2005,'B '),('12214','426','1','Spring',2006,'A-'),('12214','461','1','Fall',2002,'A '),('12214','489','1','Fall',2007,'A+'),('12214','496','1','Fall',2001,'C '),('12214','527','1','Fall',2004,'C+'),('12214','559','1','Fall',2002,'C+'),('12214','612','1','Fall',2007,'C+'),('12214','696','1','Spring',2002,'C+'),('12214','735','1','Spring',2003,'B '),('12214','791','1','Spring',2006,'A '),('12214','893','1','Fall',2007,'B+'),('12214','972','1','Spring',2009,'C-'),('12216','105','1','Fall',2009,'A-'),('12216','200','1','Spring',2007,'C+'),('12216','200','2','Fall',2002,'B '),('12216','338','2','Spring',2006,'C-'),('12216','349','1','Spring',2008,'B+'),('12216','401','1','Fall',2003,'C-'),('12216','421','1','Fall',2004,'B-'),('12216','482','1','Fall',2005,'A+'),('12216','629','1','Spring',2003,'C+'),('12216','694','1','Fall',2002,'A '),('12216','760','1','Spring',2004,'A '),('12216','793','1','Spring',2002,'A+'),('12216','802','1','Spring',2003,'C '),('12216','852','1','Spring',2008,'C '),('12216','927','1','Fall',2002,'C-'),('12216','962','1','Spring',2008,'B+'),('12236','137','1','Spring',2002,'A-'),('12236','169','2','Fall',2002,'B-'),('12236','338','1','Spring',2007,'B '),('12236','362','3','Spring',2008,'A-'),('12236','527','1','Fall',2004,'B '),('12236','561','1','Fall',2006,'C+'),('12236','591','1','Spring',2005,'B-'),('12236','679','1','Spring',2010,'C-'),('12236','852','1','Spring',2008,'C '),('12236','867','2','Fall',2010,'C+'),('12236','893','1','Fall',2007,'C-'),('12236','927','1','Fall',2002,'A-'),('12236','960','2','Fall',2006,'C-'),('123','137','1','Spring',2002,'B+'),('123','169','2','Fall',2002,'B-'),('123','192','1','Fall',2002,'A+'),('123','319','1','Spring',2003,'A+'),('123','376','1','Fall',2006,'C-'),('123','443','2','Spring',2002,'A-'),('123','486','1','Fall',2009,'C '),('123','493','1','Spring',2010,'C-'),('123','496','1','Fall',2001,'C-'),('123','561','1','Fall',2006,'B+'),('123','603','1','Fall',2003,'A '),('123','802','1','Spring',2003,'C-'),('123','875','1','Spring',2005,'B '),('1232','239','1','Fall',2006,'A+'),('1232','304','1','Fall',2009,'A+'),('1232','313','1','Fall',2010,'B-'),('1232','349','1','Spring',2008,'B+'),('1232','400','2','Fall',2003,'C '),('1232','408','2','Spring',2003,'B-'),('1232','445','1','Spring',2001,'C-'),('1232','476','1','Fall',2010,'C-'),('1232','482','1','Fall',2005,'A+'),('1232','486','1','Fall',2009,'A+'),('1232','489','1','Fall',2007,'A-'),('1232','496','1','Fall',2001,'B-'),('1232','571','1','Spring',2004,'A-'),('1232','679','1','Spring',2010,'B-'),('1232','760','1','Spring',2004,'C-'),('1232','802','1','Spring',2003,'B-'),('1232','960','2','Fall',2006,'B-'),('1232','974','1','Fall',2003,'C+'),('12326','137','1','Spring',2002,'C-'),('12326','158','2','Spring',2008,'A '),('12326','200','2','Fall',2002,'C-'),('12326','242','1','Fall',2009,'C '),('12326','408','2','Spring',2003,'B '),('12326','445','1','Spring',2001,'C+'),('12326','735','1','Spring',2003,'B+'),('12326','735','2','Spring',2010,'C '),('12326','843','1','Fall',2010,'C-'),('12326','852','1','Spring',2008,'C+'),('12326','974','1','Fall',2003,'A '),('12362','105','1','Fall',2009,'B '),('12362','158','2','Spring',2008,'B-'),('12362','270','1','Spring',2010,'C '),('12362','319','1','Spring',2003,'A '),('12362','352','1','Spring',2006,'B '),('12362','400','1','Spring',2007,'B '),('12362','468','1','Fall',2005,'C '),('12362','559','1','Fall',2002,'B-'),('12362','571','1','Spring',2004,'B+'),('12362','591','1','Spring',2005,'C '),('12362','626','1','Fall',2006,'B '),('12362','735','1','Spring',2003,'C-'),('12362','760','1','Spring',2004,'B+'),('12362','795','1','Spring',2004,'B-'),('12362','802','1','Spring',2003,'A '),('12362','852','1','Spring',2008,'C+'),('12563','105','1','Fall',2009,'A '),('12563','137','1','Spring',2002,'A+'),('12563','169','1','Spring',2007,'A+'),('12563','274','1','Fall',2002,'B-'),('12563','338','2','Spring',2006,'A '),('12563','352','1','Spring',2006,'A-'),('12563','362','3','Spring',2008,'B-'),('12563','366','1','Fall',2005,'C '),('12563','408','2','Spring',2003,'B+'),('12563','461','1','Fall',2002,'A+'),('12563','468','1','Fall',2005,'A '),('12563','468','2','Fall',2007,'C '),('12563','482','1','Fall',2005,'B+'),('12563','545','1','Fall',2001,'A-'),('12563','581','1','Spring',2005,'B-'),('12563','629','1','Spring',2003,'B-'),('12563','802','1','Spring',2003,'C '),('12615','349','1','Spring',2008,'B-'),('12615','362','1','Fall',2005,'C+'),('12615','408','1','Spring',2007,'C '),('12615','443','2','Spring',2002,'B+'),('12615','486','1','Fall',2009,'C+'),('12615','561','1','Fall',2006,'B '),('12615','591','1','Spring',2005,'C '),('12615','599','1','Spring',2003,'A-'),('12615','629','1','Spring',2003,'A+'),('12615','692','1','Spring',2010,'B '),('12615','694','1','Fall',2002,'B+'),('12615','735','2','Spring',2010,'C+'),('12615','852','1','Spring',2008,'C-'),('12615','949','1','Fall',2007,'A-'),('12666','105','1','Fall',2009,'A '),('12666','313','1','Fall',2010,'B-'),('12666','338','2','Spring',2006,'B-'),('12666','400','2','Fall',2003,'A-'),('12666','527','1','Fall',2004,'A+'),('12666','545','1','Fall',2001,'A '),('12666','962','1','Spring',2008,'C '),('12666','974','1','Fall',2003,'A '),('12683','105','1','Fall',2009,'A-'),('12683','200','1','Spring',2007,'A-'),('12683','274','1','Fall',2002,'B-'),('12683','319','1','Spring',2003,'B-'),('12683','338','1','Spring',2007,'B-'),('12683','362','1','Fall',2005,'C+'),('12683','400','2','Fall',2003,'A '),('12683','421','1','Fall',2004,'A-'),('12683','445','1','Spring',2001,'C+'),('12683','496','1','Fall',2001,'B+'),('12683','561','1','Fall',2006,'A-'),('12683','604','1','Spring',2009,'B '),('12683','631','1','Spring',2007,'C '),('12683','748','1','Fall',2003,'C+'),('12683','867','2','Fall',2010,'B+'),('12683','949','1','Fall',2007,'A '),('12683','991','1','Spring',2008,'C-'),('12711','169','1','Spring',2007,'C-'),('12711','200','1','Spring',2007,'C '),('12711','345','1','Spring',2008,'B '),('12711','352','1','Spring',2006,'C+'),('12711','362','3','Spring',2008,'A '),('12711','400','1','Spring',2007,'C-'),('12711','561','1','Fall',2006,'B '),('12711','642','1','Fall',2004,'A+'),('12711','696','1','Spring',2002,'B '),('12711','735','1','Spring',2003,'A-'),('12711','795','1','Spring',2004,'A-'),('12711','959','1','Fall',2006,'C+'),('1285','237','1','Spring',2008,'C+'),('1285','258','1','Fall',2007,'B '),('1285','304','1','Fall',2009,'C-'),('1285','319','1','Spring',2003,'A '),('1285','334','1','Fall',2009,'C+'),('1285','338','1','Spring',2007,'A+'),('1285','401','1','Fall',2003,'B+'),('1285','496','1','Fall',2001,'A-'),('1285','561','1','Fall',2006,'A-'),('1285','599','1','Spring',2003,'A-'),('1285','626','1','Fall',2006,'C '),('1285','642','1','Fall',2004,'C-'),('1285','692','1','Spring',2010,'B+'),('1285','748','1','Fall',2003,'B-'),('1285','960','1','Fall',2009,'C '),('1285','960','2','Fall',2006,'B+'),('12941','169','2','Fall',2002,'C-'),('12941','200','2','Fall',2002,'B+'),('12941','239','1','Fall',2006,'A-'),('12941','400','1','Spring',2007,'C-'),('12941','421','1','Fall',2004,'A '),('12941','443','1','Spring',2010,'B+'),('12941','482','1','Fall',2005,'C-'),('12941','496','1','Fall',2001,'C+'),('12941','527','1','Fall',2004,'A-'),('12941','591','1','Spring',2005,'A '),('12941','603','1','Fall',2003,'C-'),('12941','696','1','Spring',2002,'A+'),('12941','735','1','Spring',2003,'A-'),('12941','735','2','Spring',2010,'C+'),('12941','795','1','Spring',2004,'A-'),('12941','843','1','Fall',2010,'B '),('12941','852','1','Spring',2008,'B-'),('12941','867','2','Fall',2010,'C+'),('12941','974','1','Fall',2003,'B-'),('12971','137','1','Spring',2002,'C+'),('12971','192','1','Fall',2002,'C+'),('12971','200','2','Fall',2002,'B '),('12971','313','1','Fall',2010,'C-'),('12971','349','1','Spring',2008,'A '),('12971','443','2','Spring',2002,'A+'),('12971','457','1','Spring',2001,'A '),('12971','468','1','Fall',2005,'C '),('12971','493','1','Spring',2010,'C '),('12971','629','1','Spring',2003,'B-'),('12971','663','1','Spring',2005,'A+'),('12971','696','1','Spring',2002,'C+'),('12971','867','1','Fall',2006,'A-'),('12971','875','1','Spring',2005,'A+'),('12971','972','1','Spring',2009,'A '),('12979','158','1','Fall',2008,'B+'),('12979','169','1','Spring',2007,'A+'),('12979','192','1','Fall',2002,'B-'),('12979','242','1','Fall',2009,'C '),('12979','258','1','Fall',2007,'A '),('12979','362','1','Fall',2005,'A-'),('12979','376','1','Fall',2006,'A '),('12979','421','1','Fall',2004,'C '),('12979','443','1','Spring',2010,'A '),('12979','486','1','Fall',2009,'C-'),('12979','604','1','Spring',2009,'C-'),('12979','612','1','Fall',2007,'B+'),('12979','692','1','Spring',2010,'A+'),('12979','793','1','Spring',2002,'B-'),('12979','843','1','Fall',2010,'C+'),('12979','852','1','Spring',2008,'A+'),('12979','867','2','Fall',2010,'A-'),('12979','927','1','Fall',2002,'C-'),('13023','237','2','Fall',2009,'A '),('13023','362','2','Fall',2006,'C-'),('13023','468','1','Fall',2005,'C '),('13023','486','1','Fall',2009,'A '),('13023','561','1','Fall',2006,'C '),('13023','692','1','Spring',2010,'B-'),('13023','694','1','Fall',2002,'B+'),('13023','793','1','Spring',2002,'B-'),('13023','802','1','Spring',2003,'C '),('13023','808','1','Fall',2003,'C+'),('13023','962','1','Spring',2008,'B+'),('13023','974','1','Fall',2003,'B '),('13028','169','2','Fall',2002,'C '),('13028','366','1','Fall',2005,'A+'),('13028','400','2','Fall',2003,'B+'),('13028','468','1','Fall',2005,'A '),('13028','489','1','Fall',2007,'B+'),('13028','527','1','Fall',2004,'B '),('13028','581','1','Spring',2005,'B '),('13028','599','1','Spring',2003,'B-'),('13028','629','1','Spring',2003,'B+'),('13028','631','1','Spring',2007,'B '),('13028','679','1','Spring',2010,'C-'),('13028','696','1','Spring',2002,'C+'),('13028','704','1','Spring',2008,'B-'),('13028','791','1','Spring',2006,'C '),('13028','959','1','Fall',2006,'A-'),('13081','200','2','Fall',2002,'B '),('13081','237','2','Fall',2009,'B '),('13081','274','1','Fall',2002,'C+'),('13081','304','1','Fall',2009,'C+'),('13081','313','1','Fall',2010,'A-'),('13081','338','2','Spring',2006,'C-'),('13081','352','1','Spring',2006,'B-'),('13081','362','1','Fall',2005,'A '),('13081','400','2','Fall',2003,'C-'),('13081','443','2','Spring',2002,'B+'),('13081','527','1','Fall',2004,'B-'),('13081','642','1','Fall',2004,'B '),('13081','694','1','Fall',2002,'B+'),('13081','795','1','Spring',2004,'A-'),('13081','867','1','Fall',2006,'A+'),('13081','867','2','Fall',2010,'A+'),('13211','105','1','Fall',2009,'C-'),('13211','158','2','Spring',2008,'C '),('13211','242','1','Fall',2009,'B+'),('13211','319','1','Spring',2003,'A+'),('13211','362','2','Fall',2006,'C+'),('13211','408','2','Spring',2003,'B-'),('13211','445','1','Spring',2001,'C '),('13211','571','1','Spring',2004,'C '),('13211','581','1','Spring',2005,'B '),('13211','694','1','Fall',2002,'C '),('13211','735','1','Spring',2003,'A-'),('13211','735','2','Spring',2010,'C-'),('13211','793','1','Spring',2002,'C '),('13211','893','1','Fall',2007,'B '),('13211','959','1','Fall',2006,'A '),('13217','237','1','Spring',2008,'C-'),('13217','345','1','Spring',2008,'B+'),('13217','362','1','Fall',2005,'B+'),('13217','362','2','Fall',2006,'B '),('13217','443','1','Spring',2010,'A '),('13217','489','1','Fall',2007,'A-'),('13217','527','1','Fall',2004,'B+'),('13217','604','1','Spring',2009,'B-'),('13217','626','1','Fall',2006,'B '),('13217','867','1','Fall',2006,'A '),('13217','960','2','Fall',2006,'C+'),('13217','991','1','Spring',2008,'A-'),('13290','105','2','Fall',2002,'A-'),('13290','158','2','Spring',2008,'C-'),('13290','192','1','Fall',2002,'B+'),('13290','270','1','Spring',2010,'C+'),('13290','304','1','Fall',2009,'A+'),('13290','319','1','Spring',2003,'B-'),('13290','352','1','Spring',2006,'C+'),('13290','401','1','Fall',2003,'C '),('13290','408','1','Spring',2007,'A-'),('13290','443','1','Spring',2010,'A+'),('13290','561','1','Fall',2006,'B-'),('13290','571','1','Spring',2004,'C '),('13290','626','1','Fall',2006,'A '),('13290','793','1','Spring',2002,'B '),('13290','802','1','Spring',2003,'C-'),('13290','808','1','Fall',2003,'B-'),('13290','864','1','Spring',2006,'B-'),('13290','875','1','Spring',2005,'A-'),('13290','893','1','Fall',2007,'B '),('13290','960','1','Fall',2009,'C-'),('13352','158','1','Fall',2008,'A-'),('13352','158','2','Spring',2008,'B '),('13352','192','1','Fall',2002,'C-'),('13352','338','1','Spring',2007,'B '),('13352','426','1','Spring',2006,'B-'),('13352','694','1','Fall',2002,'A+'),('13352','696','1','Spring',2002,'A-'),('13365','137','1','Spring',2002,'B+'),('13365','239','1','Fall',2006,'B+'),('13365','274','1','Fall',2002,'A-'),('13365','304','1','Fall',2009,'C-'),('13365','345','1','Spring',2008,'C '),('13365','362','2','Fall',2006,'B '),('13365','400','1','Spring',2007,'C+'),('13365','457','1','Spring',2001,'C+'),('13365','468','2','Fall',2007,'C '),('13365','476','1','Fall',2010,'A '),('13365','599','1','Spring',2003,'B-'),('13365','603','1','Fall',2003,'C-'),('13365','663','1','Spring',2005,'B '),('13365','679','1','Spring',2010,'B-'),('13365','696','1','Spring',2002,'B+'),('13365','791','1','Spring',2006,'A '),('13365','960','1','Fall',2009,'B+'),('13365','962','1','Spring',2008,'B '),('13403','158','1','Fall',2008,'B-'),('13403','192','1','Fall',2002,'C-'),('13403','258','1','Fall',2007,'B '),('13403','319','1','Spring',2003,'B '),('13403','338','2','Spring',2006,'A-'),('13403','349','1','Spring',2008,'B+'),('13403','352','1','Spring',2006,'C-'),('13403','366','1','Fall',2005,'B+'),('13403','400','1','Spring',2007,'B '),('13403','400','2','Fall',2003,'C-'),('13403','443','2','Spring',2002,'B-'),('13403','486','1','Fall',2009,'B-'),('13403','489','1','Fall',2007,'B '),('13403','493','1','Spring',2010,'B '),('13403','696','1','Spring',2002,'C+'),('13403','748','1','Fall',2003,'A+'),('13403','795','1','Spring',2004,'C-'),('13408','169','2','Fall',2002,'A+'),('13408','242','1','Fall',2009,'C+'),('13408','304','1','Fall',2009,'A+'),('13408','319','1','Spring',2003,'C-'),('13408','338','2','Spring',2006,'C-'),('13408','443','2','Spring',2002,'B+'),('13408','545','1','Fall',2001,'C-'),('13408','561','1','Fall',2006,'B-'),('13408','599','1','Spring',2003,'C '),('13408','612','1','Fall',2007,'C+'),('13408','626','1','Fall',2006,'C+'),('13408','735','1','Spring',2003,'B-'),('13408','864','1','Spring',2006,'C-'),('13408','927','1','Fall',2002,'C '),('13495','200','2','Fall',2002,'B-'),('13495','242','1','Fall',2009,'B+'),('13495','338','2','Spring',2006,'C '),('13495','496','1','Fall',2001,'C-'),('13495','571','1','Spring',2004,'A-'),('13495','626','1','Fall',2006,'C-'),('13495','702','1','Spring',2001,'C-'),('13495','867','2','Fall',2010,'A '),('13495','875','1','Spring',2005,'C-'),('13504','137','1','Spring',2002,'C '),('13504','239','1','Fall',2006,'A+'),('13504','338','2','Spring',2006,'B+'),('13504','352','1','Spring',2006,'A '),('13504','468','1','Fall',2005,'A-'),('13504','612','1','Fall',2007,'B-'),('13504','692','1','Spring',2010,'B '),('13504','791','1','Spring',2006,'C '),('13506','239','1','Fall',2006,'A+'),('13506','242','1','Fall',2009,'B+'),('13506','304','1','Fall',2009,'C+'),('13506','468','2','Fall',2007,'C '),('13506','559','1','Fall',2002,'C+'),('13506','561','1','Fall',2006,'A '),('13506','679','1','Spring',2010,'B-'),('13506','735','2','Spring',2010,'B-'),('13506','793','1','Spring',2002,'C '),('13506','960','2','Fall',2006,'B '),('13506','972','1','Spring',2009,'B+'),('13511','158','2','Spring',2008,'C+'),('13511','200','2','Fall',2002,'B '),('13511','334','1','Fall',2009,'A+'),('13511','338','2','Spring',2006,'A-'),('13511','408','2','Spring',2003,'C+'),('13511','421','1','Fall',2004,'B-'),('13511','468','1','Fall',2005,'B+'),('13511','486','1','Fall',2009,'A+'),('13511','545','1','Fall',2001,'B '),('13511','603','1','Fall',2003,'C '),('13511','604','1','Spring',2009,'B-'),('13511','735','2','Spring',2010,'B '),('13511','748','1','Fall',2003,'B '),('13511','852','1','Spring',2008,'B '),('13511','867','1','Fall',2006,'A+'),('1367','158','2','Spring',2008,'A-'),('1367','169','2','Fall',2002,'A+'),('1367','270','1','Spring',2010,'C+'),('1367','349','1','Spring',2008,'C '),('1367','352','1','Spring',2006,'C+'),('1367','362','1','Fall',2005,'A+'),('1367','362','3','Spring',2008,'A+'),('1367','376','1','Fall',2006,'A+'),('1367','401','1','Fall',2003,'A-'),('1367','476','1','Fall',2010,'C+'),('1367','482','1','Fall',2005,'B-'),('1367','489','1','Fall',2007,'C-'),('1367','545','1','Fall',2001,'B+'),('1367','559','1','Fall',2002,'A-'),('1367','591','1','Spring',2005,'A+'),('1367','599','1','Spring',2003,'A '),('1367','679','1','Spring',2010,'C+'),('1367','692','1','Spring',2010,'C-'),('1367','875','1','Spring',2005,'C-'),('1367','949','1','Fall',2007,'B '),('1367','991','1','Spring',2008,'B+'),('13741','237','1','Spring',2008,'B-'),('13741','242','1','Fall',2009,'C '),('13741','338','2','Spring',2006,'B '),('13741','352','1','Spring',2006,'A '),('13741','362','2','Fall',2006,'C+'),('13741','421','1','Fall',2004,'A+'),('13741','445','1','Spring',2001,'C '),('13741','476','1','Fall',2010,'B-'),('13741','486','1','Fall',2009,'C+'),('13741','591','1','Spring',2005,'B '),('13741','612','1','Fall',2007,'A+'),('13741','694','1','Fall',2002,'C '),('13741','696','1','Spring',2002,'B+'),('13741','702','1','Spring',2001,'A '),('13741','791','1','Spring',2006,'B '),('13741','793','1','Spring',2002,'C '),('13741','795','1','Spring',2004,'C '),('13741','843','1','Fall',2010,'A '),('13741','972','1','Spring',2009,'B+'),('13749','239','1','Fall',2006,'B-'),('13749','242','1','Fall',2009,'B-'),('13749','258','1','Fall',2007,'A-'),('13749','304','1','Fall',2009,'C '),('13749','457','1','Spring',2001,'B+'),('13749','692','1','Spring',2010,'A-'),('13749','702','1','Spring',2001,'B+'),('13753','105','1','Fall',2009,'A '),('13753','376','1','Fall',2006,'A '),('13753','400','1','Spring',2007,'A '),('13753','408','2','Spring',2003,'B '),('13753','426','1','Spring',2006,'B+'),('13753','468','2','Fall',2007,'A '),('13753','581','1','Spring',2005,'B-'),('13753','629','1','Spring',2003,'A+'),('13753','791','1','Spring',2006,'C+'),('13753','960','2','Fall',2006,'A '),('13757','105','1','Fall',2009,'C+'),('13757','137','1','Spring',2002,'C+'),('13757','169','1','Spring',2007,'A+'),('13757','200','1','Spring',2007,'A+'),('13757','237','2','Fall',2009,'C-'),('13757','362','1','Fall',2005,'A+'),('13757','482','1','Fall',2005,'B '),('13757','545','1','Fall',2001,'A-'),('13757','581','1','Spring',2005,'C-'),('13757','603','1','Fall',2003,'C+'),('13757','679','1','Spring',2010,'A '),('13757','692','1','Spring',2010,'A-'),('13757','735','2','Spring',2010,'B+'),('13757','747','1','Spring',2004,'B+'),('13757','864','1','Spring',2006,'C '),('13757','949','1','Fall',2007,'A+'),('13826','169','1','Spring',2007,'B '),('13826','169','2','Fall',2002,'C '),('13826','239','1','Fall',2006,'B '),('13826','274','1','Fall',2002,'C '),('13826','362','2','Fall',2006,'A '),('13826','468','2','Fall',2007,'B-'),('13826','663','1','Spring',2005,'A-'),('13826','760','1','Spring',2004,'A-'),('13826','791','1','Spring',2006,'B '),('13826','843','1','Fall',2010,'A+'),('13826','959','1','Fall',2006,'C-'),('13826','960','1','Fall',2009,'B+'),('13826','991','1','Spring',2008,'A+'),('13880','105','1','Fall',2009,'A '),('13880','237','2','Fall',2009,'C+'),('13880','426','1','Spring',2006,'C-'),('13880','443','1','Spring',2010,'B+'),('13880','445','1','Spring',2001,'C-'),('13880','571','1','Spring',2004,'A+'),('13880','603','1','Fall',2003,'A '),('13880','748','1','Fall',2003,'B '),('13880','808','1','Fall',2003,'B+'),('13880','864','1','Spring',2006,'C+'),('13921','105','2','Fall',2002,'C+'),('13921','158','1','Fall',2008,'C-'),('13921','200','1','Spring',2007,'B '),('13921','274','1','Fall',2002,'A '),('13921','313','1','Fall',2010,'C '),('13921','421','1','Fall',2004,'A-'),('13921','457','1','Spring',2001,'A '),('13921','476','1','Fall',2010,'A-'),('13921','486','1','Fall',2009,'C '),('13921','642','1','Fall',2004,'C '),('13921','663','1','Spring',2005,'C '),('13921','793','1','Spring',2002,'B-'),('13921','808','1','Fall',2003,'C '),('13921','867','1','Fall',2006,'B '),('13921','875','1','Spring',2005,'C+'),('13921','927','1','Fall',2002,'A-'),('1402','137','1','Spring',2002,'C+'),('1402','200','2','Fall',2002,'C '),('1402','274','1','Fall',2002,'B-'),('1402','319','1','Spring',2003,'C-'),('1402','349','1','Spring',2008,'A+'),('1402','366','1','Fall',2005,'B-'),('1402','415','1','Fall',2010,'C+'),('1402','443','1','Spring',2010,'C-'),('1402','445','1','Spring',2001,'B '),('1402','476','1','Fall',2010,'B '),('1402','489','1','Fall',2007,'A+'),('1402','599','1','Spring',2003,'B-'),('1402','747','1','Spring',2004,'A+'),('14023','105','2','Fall',2002,'B '),('14023','242','1','Fall',2009,'C-'),('14023','319','1','Spring',2003,'B+'),('14023','376','1','Fall',2006,'A-'),('14023','408','1','Spring',2007,'C-'),('14023','443','1','Spring',2010,'B+'),('14023','461','1','Fall',2002,'B+'),('14023','493','1','Spring',2010,'B '),('14023','561','1','Fall',2006,'C+'),('14023','591','1','Spring',2005,'A '),('14023','629','1','Spring',2003,'C '),('14023','692','1','Spring',2010,'A-'),('14023','704','1','Spring',2008,'C '),('14023','852','1','Spring',2008,'A '),('14023','864','1','Spring',2006,'C-'),('14023','959','1','Fall',2006,'B-'),('14023','962','1','Spring',2008,'A-'),('14032','169','2','Fall',2002,'C+'),('14032','200','2','Fall',2002,'C+'),('14032','237','2','Fall',2009,'A '),('14032','239','1','Fall',2006,'B+'),('14032','313','1','Fall',2010,'A+'),('14032','338','1','Spring',2007,'A+'),('14032','362','1','Fall',2005,'A+'),('14032','443','2','Spring',2002,'B-'),('14032','486','1','Fall',2009,'C '),('14032','599','1','Spring',2003,'A-'),('14032','679','1','Spring',2010,'C-'),('14032','694','1','Fall',2002,'B '),('14032','735','1','Spring',2003,'C-'),('14032','760','1','Spring',2004,'B-'),('14032','808','1','Fall',2003,'A '),('14032','864','1','Spring',2006,'B '),('14032','875','1','Spring',2005,'B '),('14032','893','1','Fall',2007,'B+'),('14065','239','1','Fall',2006,'A '),('14065','362','1','Fall',2005,'A+'),('14065','376','1','Fall',2006,'A-'),('14065','400','2','Fall',2003,'A-'),('14065','421','1','Fall',2004,'C '),('14065','468','2','Fall',2007,'A '),('14065','599','1','Spring',2003,'B-'),('14065','692','1','Spring',2010,'B-'),('14065','747','1','Spring',2004,'B-'),('14065','748','1','Fall',2003,'C '),('14065','791','1','Spring',2006,'C+'),('14065','867','1','Fall',2006,'A+'),('14065','875','1','Spring',2005,'A-'),('14065','893','1','Fall',2007,'A-'),('14065','960','1','Fall',2009,'C '),('14065','960','2','Fall',2006,'C-'),('14094','200','1','Spring',2007,'A+'),('14094','274','1','Fall',2002,'A-'),('14094','349','1','Spring',2008,'A-'),('14094','362','3','Spring',2008,'B+'),('14094','421','1','Fall',2004,'A '),('14094','476','1','Fall',2010,'B '),('14094','679','1','Spring',2010,'C-'),('14094','692','1','Spring',2010,'B+'),('14094','748','1','Fall',2003,'B+'),('14094','852','1','Spring',2008,'A+'),('14094','867','1','Fall',2006,'B '),('14094','927','1','Fall',2002,'B+'),('14182','158','1','Fall',2008,'C-'),('14182','158','2','Spring',2008,'A-'),('14182','192','1','Fall',2002,'B+'),('14182','237','1','Spring',2008,'B '),('14182','313','1','Fall',2010,'A '),('14182','334','1','Fall',2009,'C '),('14182','362','1','Fall',2005,'A+'),('14182','400','2','Fall',2003,'C-'),('14182','401','1','Fall',2003,'C-'),('14182','408','1','Spring',2007,'A+'),('14182','408','2','Spring',2003,'B-'),('14182','461','1','Fall',2002,'B '),('14182','476','1','Fall',2010,'C+'),('14182','679','1','Spring',2010,'C+'),('14182','694','1','Fall',2002,'A+'),('14182','852','1','Spring',2008,'C+'),('14182','927','1','Fall',2002,'B-'),('14182','960','2','Fall',2006,'A+'),('14182','991','1','Spring',2008,'C+'),('14214','169','1','Spring',2007,'C '),('14214','237','2','Fall',2009,'B+'),('14214','270','1','Spring',2010,'A+'),('14214','304','1','Fall',2009,'B+'),('14214','334','1','Fall',2009,'C '),('14214','408','2','Spring',2003,'B '),('14214','735','2','Spring',2010,'A-'),('14214','748','1','Fall',2003,'A+'),('14214','760','1','Spring',2004,'B+'),('14214','893','1','Fall',2007,'A+'),('14214','927','1','Fall',2002,'B-'),('14214','959','1','Fall',2006,'C '),('14214','974','1','Fall',2003,'B+'),('14284','105','2','Fall',2002,'B+'),('14284','169','1','Spring',2007,'B '),('14284','242','1','Fall',2009,'B-'),('14284','313','1','Fall',2010,'B-'),('14284','366','1','Fall',2005,'B+'),('14284','415','1','Fall',2010,'C '),('14284','468','2','Fall',2007,'B+'),('14284','486','1','Fall',2009,'B-'),('14284','571','1','Spring',2004,'A+'),('14284','679','1','Spring',2010,'A-'),('14284','696','1','Spring',2002,'B+'),('14284','702','1','Spring',2001,'C+'),('14284','747','1','Spring',2004,'A-'),('14284','748','1','Fall',2003,'A+'),('14284','791','1','Spring',2006,'A+'),('14284','843','1','Fall',2010,'C '),('14284','867','2','Fall',2010,'A '),('14284','991','1','Spring',2008,'C-'),('14432','169','2','Fall',2002,'B-'),('14432','200','1','Spring',2007,'B-'),('14432','200','2','Fall',2002,'A+'),('14432','237','2','Fall',2009,'C+'),('14432','239','1','Fall',2006,'A-'),('14432','274','1','Fall',2002,'C '),('14432','313','1','Fall',2010,'A '),('14432','345','1','Spring',2008,'A-'),('14432','349','1','Spring',2008,'C-'),('14432','362','2','Fall',2006,'A-'),('14432','400','2','Fall',2003,'C-'),('14432','426','1','Spring',2006,'B '),('14432','482','1','Fall',2005,'B-'),('14432','486','1','Fall',2009,'C-'),('14432','545','1','Fall',2001,'B '),('14432','663','1','Spring',2005,'C+'),('14432','702','1','Spring',2001,'A-'),('14432','735','1','Spring',2003,'B '),('14432','748','1','Fall',2003,'A+'),('14432','808','1','Fall',2003,'A '),('14432','949','1','Fall',2007,'B-'),('14432','972','1','Spring',2009,'A-'),('14484','105','2','Fall',2002,'B-'),('14484','304','1','Fall',2009,'B+'),('14484','338','1','Spring',2007,'B+'),('14484','345','1','Spring',2008,'B+'),('14484','362','2','Fall',2006,'A-'),('14484','362','3','Spring',2008,'C '),('14484','408','2','Spring',2003,'B '),('14484','496','1','Fall',2001,'A '),('14484','561','1','Fall',2006,'B '),('14484','626','1','Fall',2006,'B+'),('14484','642','1','Fall',2004,'B '),('14484','694','1','Fall',2002,'C '),('14484','735','1','Spring',2003,'B+'),('14499','237','1','Spring',2008,'B-'),('14499','242','1','Fall',2009,'C '),('14499','319','1','Spring',2003,'C '),('14499','362','3','Spring',2008,'A '),('14499','366','1','Fall',2005,'B '),('14499','421','1','Fall',2004,'C '),('14499','493','1','Spring',2010,'A '),('14499','626','1','Fall',2006,'B-'),('14499','843','1','Fall',2010,'B-'),('14499','974','1','Fall',2003,'C+'),('14554','158','1','Fall',2008,'C '),('14554','237','1','Spring',2008,'B '),('14554','237','2','Fall',2009,'B+'),('14554','274','1','Fall',2002,'C '),('14554','304','1','Fall',2009,'B-'),('14554','400','1','Spring',2007,'A '),('14554','443','1','Spring',2010,'A '),('14554','468','2','Fall',2007,'A-'),('14554','559','1','Fall',2002,'C+'),('14554','571','1','Spring',2004,'C '),('14554','603','1','Fall',2003,'C '),('14554','629','1','Spring',2003,'C-'),('14554','631','1','Spring',2007,'C '),('14554','692','1','Spring',2010,'C+'),('14554','748','1','Fall',2003,'C-'),('14554','864','1','Spring',2006,'C '),('14554','893','1','Fall',2007,'B+'),('14554','991','1','Spring',2008,'A+'),('14563','200','1','Spring',2007,'A '),('14563','242','1','Fall',2009,'C+'),('14563','313','1','Fall',2010,'A-'),('14563','349','1','Spring',2008,'B+'),('14563','376','1','Fall',2006,'A '),('14563','408','2','Spring',2003,'B '),('14563','476','1','Fall',2010,'B-'),('14563','486','1','Fall',2009,'A+'),('14563','545','1','Fall',2001,'C+'),('14563','559','1','Fall',2002,'B-'),('14563','581','1','Spring',2005,'C+'),('14563','603','1','Fall',2003,'A-'),('14563','692','1','Spring',2010,'B-'),('14563','791','1','Spring',2006,'B '),('14563','808','1','Fall',2003,'B+'),('14563','949','1','Fall',2007,'A+'),('14563','991','1','Spring',2008,'C+'),('14581','237','1','Spring',2008,'A-'),('14581','319','1','Spring',2003,'B+'),('14581','376','1','Fall',2006,'C+'),('14581','426','1','Spring',2006,'A '),('14581','561','1','Fall',2006,'C '),('14581','591','1','Spring',2005,'B-'),('14581','629','1','Spring',2003,'C+'),('14581','631','1','Spring',2007,'C+'),('14581','702','1','Spring',2001,'B-'),('14581','760','1','Spring',2004,'A+'),('14581','808','1','Fall',2003,'B '),('14581','843','1','Fall',2010,'B '),('14581','867','1','Fall',2006,'C+'),('14581','960','1','Fall',2009,'B+'),('14581','991','1','Spring',2008,'A+'),('14596','169','1','Spring',2007,'C-'),('14596','200','1','Spring',2007,'B+'),('14596','237','1','Spring',2008,'C-'),('14596','239','1','Fall',2006,'B '),('14596','242','1','Fall',2009,'C+'),('14596','258','1','Fall',2007,'A '),('14596','304','1','Fall',2009,'A+'),('14596','313','1','Fall',2010,'C '),('14596','334','1','Fall',2009,'B '),('14596','457','1','Spring',2001,'B+'),('14596','468','1','Fall',2005,'A-'),('14596','559','1','Fall',2002,'C '),('14596','612','1','Fall',2007,'B-'),('14596','626','1','Fall',2006,'A+'),('14596','629','1','Spring',2003,'A-'),('14596','791','1','Spring',2006,'B '),('14596','962','1','Spring',2008,'A '),('14596','991','1','Spring',2008,'A+'),('1460','258','1','Fall',2007,'C-'),('1460','338','1','Spring',2007,'A+'),('1460','362','3','Spring',2008,'A-'),('1460','401','1','Fall',2003,'A-'),('1460','426','1','Spring',2006,'C-'),('1460','476','1','Fall',2010,'C+'),('1460','482','1','Fall',2005,'C '),('1460','489','1','Fall',2007,'C '),('1460','493','1','Spring',2010,'C-'),('1460','581','1','Spring',2005,'A-'),('1460','704','1','Spring',2008,'C-'),('1460','791','1','Spring',2006,'B '),('1460','802','1','Spring',2003,'B-'),('1460','852','1','Spring',2008,'B-'),('1460','893','1','Fall',2007,'B-'),('1460','949','1','Fall',2007,'C '),('1460','960','2','Fall',2006,'A-'),('14621','137','1','Spring',2002,'A-'),('14621','158','1','Fall',2008,'A-'),('14621','237','2','Fall',2009,'C+'),('14621','338','2','Spring',2006,'C-'),('14621','345','1','Spring',2008,'A+'),('14621','366','1','Fall',2005,'A '),('14621','376','1','Fall',2006,'C+'),('14621','476','1','Fall',2010,'B-'),('14621','486','1','Fall',2009,'A-'),('14621','571','1','Spring',2004,'C+'),('14621','581','1','Spring',2005,'A '),('14621','704','1','Spring',2008,'B+'),('14621','962','1','Spring',2008,'A '),('14628','158','1','Fall',2008,'B '),('14628','200','1','Spring',2007,'B+'),('14628','304','1','Fall',2009,'C '),('14628','338','1','Spring',2007,'B '),('14628','366','1','Fall',2005,'A-'),('14628','408','1','Spring',2007,'B-'),('14628','415','1','Fall',2010,'A-'),('14628','445','1','Spring',2001,'C-'),('14628','468','1','Fall',2005,'B-'),('14628','476','1','Fall',2010,'A+'),('14628','489','1','Fall',2007,'C-'),('14628','493','1','Spring',2010,'B+'),('14628','545','1','Fall',2001,'C-'),('14628','571','1','Spring',2004,'C-'),('14628','603','1','Fall',2003,'B-'),('14628','604','1','Spring',2009,'B+'),('14628','735','2','Spring',2010,'C '),('14628','747','1','Spring',2004,'C+'),('14628','808','1','Fall',2003,'B '),('14639','242','1','Fall',2009,'B+'),('14639','258','1','Fall',2007,'B+'),('14639','313','1','Fall',2010,'A+'),('14639','334','1','Fall',2009,'B+'),('14639','338','1','Spring',2007,'C-'),('14639','349','1','Spring',2008,'B '),('14639','376','1','Fall',2006,'C-'),('14639','408','1','Spring',2007,'B-'),('14639','415','1','Fall',2010,'B-'),('14639','482','1','Fall',2005,'C-'),('14639','489','1','Fall',2007,'A-'),('14639','561','1','Fall',2006,'A '),('14639','626','1','Fall',2006,'B-'),('14639','642','1','Fall',2004,'A+'),('14639','692','1','Spring',2010,'C+'),('14639','735','1','Spring',2003,'C-'),('14639','735','2','Spring',2010,'C+'),('14639','793','1','Spring',2002,'C '),('14639','802','1','Spring',2003,'B '),('14639','852','1','Spring',2008,'B+'),('14639','893','1','Fall',2007,'C+'),('14668','137','1','Spring',2002,'B-'),('14668','158','1','Fall',2008,'B '),('14668','237','2','Fall',2009,'A-'),('14668','242','1','Fall',2009,'A+'),('14668','304','1','Fall',2009,'C '),('14668','313','1','Fall',2010,'C+'),('14668','338','1','Spring',2007,'C-'),('14668','352','1','Spring',2006,'C+'),('14668','400','2','Fall',2003,'C+'),('14668','408','2','Spring',2003,'C-'),('14668','476','1','Fall',2010,'C '),('14668','482','1','Fall',2005,'C-'),('14668','489','1','Fall',2007,'B+'),('14668','561','1','Fall',2006,'B-'),('14668','629','1','Spring',2003,'B-'),('14668','631','1','Spring',2007,'B '),('14668','663','1','Spring',2005,'A '),('14668','704','1','Spring',2008,'B '),('14668','748','1','Fall',2003,'A-'),('14668','795','1','Spring',2004,'C '),('14668','875','1','Spring',2005,'C+'),('14668','949','1','Fall',2007,'C '),('14668','974','1','Fall',2003,'B '),('14829','105','1','Fall',2009,'B '),('14829','338','2','Spring',2006,'B+'),('14829','362','1','Fall',2005,'A+'),('14829','376','1','Fall',2006,'C+'),('14829','415','1','Fall',2010,'A '),('14829','443','2','Spring',2002,'B-'),('14829','445','1','Spring',2001,'B '),('14829','486','1','Fall',2009,'A+'),('14829','489','1','Fall',2007,'A+'),('14829','545','1','Fall',2001,'A-'),('14829','603','1','Fall',2003,'B '),('14829','612','1','Fall',2007,'B+'),('14829','626','1','Fall',2006,'B '),('14829','663','1','Spring',2005,'B+'),('14829','694','1','Fall',2002,'B+'),('14829','802','1','Spring',2003,'B-'),('14829','867','1','Fall',2006,'B-'),('14829','867','2','Fall',2010,'A+'),('14869','200','2','Fall',2002,'B '),('14869','237','1','Spring',2008,'A-'),('14869','237','2','Fall',2009,'C '),('14869','345','1','Spring',2008,'C '),('14869','421','1','Fall',2004,'B '),('14869','443','2','Spring',2002,'B '),('14869','461','1','Fall',2002,'C '),('14869','482','1','Fall',2005,'C-'),('14869','545','1','Fall',2001,'B '),('14869','591','1','Spring',2005,'C '),('14869','735','1','Spring',2003,'B '),('14869','760','1','Spring',2004,'A-'),('14874','200','1','Spring',2007,'C '),('14874','237','1','Spring',2008,'A-'),('14874','274','1','Fall',2002,'A '),('14874','338','2','Spring',2006,'A+'),('14874','345','1','Spring',2008,'B-'),('14874','362','1','Fall',2005,'C-'),('14874','362','2','Fall',2006,'C '),('14874','445','1','Spring',2001,'C '),('14874','457','1','Spring',2001,'A+'),('14874','468','1','Fall',2005,'A+'),('14874','486','1','Fall',2009,'C-'),('14874','496','1','Fall',2001,'B+'),('14874','545','1','Fall',2001,'A+'),('14874','561','1','Fall',2006,'C-'),('14874','642','1','Fall',2004,'B '),('14874','663','1','Spring',2005,'A+'),('14874','679','1','Spring',2010,'C '),('14874','694','1','Fall',2002,'C '),('14874','991','1','Spring',2008,'A '),('15030','169','2','Fall',2002,'A+'),('15030','349','1','Spring',2008,'B '),('15030','362','1','Fall',2005,'B+'),('15030','400','2','Fall',2003,'A '),('15030','443','2','Spring',2002,'A '),('15030','489','1','Fall',2007,'B '),('15030','571','1','Spring',2004,'A+'),('15030','591','1','Spring',2005,'C+'),('15030','612','1','Fall',2007,'B '),('15030','629','1','Spring',2003,'B+'),('15030','631','1','Spring',2007,'B+'),('15030','663','1','Spring',2005,'C '),('15030','702','1','Spring',2001,'C+'),('15030','747','1','Spring',2004,'B '),('15030','960','2','Fall',2006,'B '),('15070','200','2','Fall',2002,'B '),('15070','258','1','Fall',2007,'C+'),('15070','270','1','Spring',2010,'C-'),('15070','304','1','Fall',2009,'C-'),('15070','362','1','Fall',2005,'B+'),('15070','415','1','Fall',2010,'C-'),('15070','426','1','Spring',2006,'B+'),('15070','445','1','Spring',2001,'B-'),('15070','468','2','Fall',2007,'A-'),('15070','559','1','Fall',2002,'A-'),('15070','599','1','Spring',2003,'A-'),('15070','704','1','Spring',2008,'C-'),('15070','748','1','Fall',2003,'B-'),('15070','867','2','Fall',2010,'A '),('15070','960','1','Fall',2009,'A-'),('15074','158','1','Fall',2008,'C+'),('15074','158','2','Spring',2008,'B '),('15074','192','1','Fall',2002,'A+'),('15074','258','1','Fall',2007,'C-'),('15074','304','1','Fall',2009,'C-'),('15074','345','1','Spring',2008,'C+'),('15074','443','1','Spring',2010,'C+'),('15074','489','1','Fall',2007,'B '),('15074','694','1','Fall',2002,'A-'),('15074','704','1','Spring',2008,'A-'),('15074','735','2','Spring',2010,'A-'),('15074','791','1','Spring',2006,'C+'),('15083','105','2','Fall',2002,'C '),('15083','137','1','Spring',2002,'C+'),('15083','237','1','Spring',2008,'B-'),('15083','237','2','Fall',2009,'C '),('15083','304','1','Fall',2009,'A+'),('15083','345','1','Spring',2008,'B+'),('15083','349','1','Spring',2008,'A-'),('15083','400','1','Spring',2007,'B '),('15083','443','1','Spring',2010,'A+'),('15083','489','1','Fall',2007,'C '),('15083','527','1','Fall',2004,'C '),('15083','545','1','Fall',2001,'B-'),('15083','581','1','Spring',2005,'C '),('15083','696','1','Spring',2002,'C '),('15083','864','1','Spring',2006,'C '),('15083','927','1','Fall',2002,'B-'),('15144','362','2','Fall',2006,'B+'),('15144','362','3','Spring',2008,'B '),('15144','376','1','Fall',2006,'B-'),('15144','426','1','Spring',2006,'C-'),('15144','443','1','Spring',2010,'C+'),('15144','445','1','Spring',2001,'B-'),('15144','527','1','Fall',2004,'B '),('15144','581','1','Spring',2005,'C '),('15144','603','1','Fall',2003,'B-'),('15144','626','1','Fall',2006,'A+'),('15144','642','1','Fall',2004,'B+'),('15144','795','1','Spring',2004,'A '),('15144','864','1','Spring',2006,'A+'),('15144','867','1','Fall',2006,'A-'),('15144','974','1','Fall',2003,'C+'),('15249','169','2','Fall',2002,'A-'),('15249','192','1','Fall',2002,'A+'),('15249','237','1','Spring',2008,'B+'),('15249','239','1','Fall',2006,'C-'),('15249','304','1','Fall',2009,'C '),('15249','319','1','Spring',2003,'A-'),('15249','338','1','Spring',2007,'B-'),('15249','345','1','Spring',2008,'A+'),('15249','362','1','Fall',2005,'C '),('15249','415','1','Fall',2010,'A+'),('15249','468','2','Fall',2007,'C-'),('15249','493','1','Spring',2010,'C-'),('15249','679','1','Spring',2010,'B '),('15249','696','1','Spring',2002,'C '),('15249','991','1','Spring',2008,'A+'),('15283','105','2','Fall',2002,'B '),('15283','137','1','Spring',2002,'B-'),('15283','237','1','Spring',2008,'C-'),('15283','239','1','Fall',2006,'C-'),('15283','242','1','Fall',2009,'B '),('15283','258','1','Fall',2007,'C+'),('15283','345','1','Spring',2008,'A '),('15283','408','2','Spring',2003,'B+'),('15283','445','1','Spring',2001,'A+'),('15283','559','1','Fall',2002,'A-'),('15283','629','1','Spring',2003,'B-'),('15283','702','1','Spring',2001,'A '),('15283','735','2','Spring',2010,'C-'),('15283','793','1','Spring',2002,'A '),('15283','843','1','Fall',2010,'A+'),('15283','893','1','Fall',2007,'B-'),('15283','927','1','Fall',2002,'B-'),('15328','158','1','Fall',2008,'C-'),('15328','158','2','Spring',2008,'C-'),('15328','192','1','Fall',2002,'A-'),('15328','362','3','Spring',2008,'B '),('15328','400','2','Fall',2003,'B+'),('15328','735','1','Spring',2003,'B+'),('15328','793','1','Spring',2002,'A '),('15328','843','1','Fall',2010,'A-'),('15328','864','1','Spring',2006,'B-'),('15328','927','1','Fall',2002,'A '),('15328','959','1','Fall',2006,'C+'),('15328','974','1','Fall',2003,'C '),('1533','169','1','Spring',2007,'A-'),('1533','242','1','Fall',2009,'A+'),('1533','270','1','Spring',2010,'A+'),('1533','338','2','Spring',2006,'A+'),('1533','349','1','Spring',2008,'C+'),('1533','400','2','Fall',2003,'B-'),('1533','421','1','Fall',2004,'A+'),('1533','443','2','Spring',2002,'B+'),('1533','468','1','Fall',2005,'C+'),('1533','489','1','Fall',2007,'A '),('1533','626','1','Fall',2006,'B '),('1533','663','1','Spring',2005,'B '),('1533','696','1','Spring',2002,'C+'),('1533','852','1','Spring',2008,'B+'),('1533','949','1','Fall',2007,'B '),('1533','960','1','Fall',2009,'A-'),('1533','972','1','Spring',2009,'C+'),('15340','169','1','Spring',2007,'B-'),('15340','270','1','Spring',2010,'C '),('15340','362','3','Spring',2008,'C '),('15340','415','1','Fall',2010,'A+'),('15340','445','1','Spring',2001,'B+'),('15340','468','1','Fall',2005,'C+'),('15340','476','1','Fall',2010,'C-'),('15340','626','1','Fall',2006,'C-'),('15340','679','1','Spring',2010,'A-'),('15340','692','1','Spring',2010,'B+'),('15340','808','1','Fall',2003,'A+'),('15430','105','1','Fall',2009,'A-'),('15430','169','1','Spring',2007,'C+'),('15430','200','2','Fall',2002,'B-'),('15430','270','1','Spring',2010,'C-'),('15430','313','1','Fall',2010,'C+'),('15430','352','1','Spring',2006,'C+'),('15430','443','2','Spring',2002,'A-'),('15430','445','1','Spring',2001,'C-'),('15430','468','2','Fall',2007,'A+'),('15430','476','1','Fall',2010,'C '),('15430','493','1','Spring',2010,'A '),('15430','747','1','Spring',2004,'C+'),('15430','748','1','Fall',2003,'A-'),('15430','808','1','Fall',2003,'A+'),('15430','843','1','Fall',2010,'C '),('15430','949','1','Fall',2007,'A '),('15430','972','1','Spring',2009,'C+'),('15487','105','1','Fall',2009,'C+'),('15487','169','1','Spring',2007,'B '),('15487','192','1','Fall',2002,'A+'),('15487','200','1','Spring',2007,'A+'),('15487','313','1','Fall',2010,'B-'),('15487','352','1','Spring',2006,'C+'),('15487','362','2','Fall',2006,'C-'),('15487','376','1','Fall',2006,'A+'),('15487','400','1','Spring',2007,'C+'),('15487','400','2','Fall',2003,'B-'),('15487','486','1','Fall',2009,'B+'),('15487','545','1','Fall',2001,'A+'),('15487','591','1','Spring',2005,'B+'),('15487','603','1','Fall',2003,'B+'),('15487','612','1','Fall',2007,'C+'),('15487','626','1','Fall',2006,'B-'),('15487','663','1','Spring',2005,'B-'),('15487','692','1','Spring',2010,'C '),('15487','867','1','Fall',2006,'A '),('15487','962','1','Spring',2008,'B-'),('15517','237','1','Spring',2008,'A '),('15517','274','1','Fall',2002,'B+'),('15517','400','2','Fall',2003,'C '),('15517','426','1','Spring',2006,'C '),('15517','443','2','Spring',2002,'A-'),('15517','468','1','Fall',2005,'C-'),('15517','489','1','Fall',2007,'A+'),('15517','496','1','Fall',2001,'B-'),('15517','581','1','Spring',2005,'B-'),('15517','808','1','Fall',2003,'B+'),('15517','972','1','Spring',2009,'B+'),('15517','974','1','Fall',2003,'A-'),('15538','137','1','Spring',2002,'B '),('15538','169','2','Fall',2002,'C-'),('15538','237','2','Fall',2009,'B-'),('15538','338','2','Spring',2006,'C '),('15538','376','1','Fall',2006,'C-'),('15538','400','2','Fall',2003,'A+'),('15538','457','1','Spring',2001,'A-'),('15538','559','1','Fall',2002,'B+'),('15538','571','1','Spring',2004,'B+'),('15538','696','1','Spring',2002,'C '),('15538','791','1','Spring',2006,'A-'),('15538','867','1','Fall',2006,'A+'),('15538','959','1','Fall',2006,'C-'),('15538','962','1','Spring',2008,'A '),('15538','972','1','Spring',2009,'C-'),('15578','192','1','Fall',2002,'B '),('15578','237','2','Fall',2009,'C-'),('15578','239','1','Fall',2006,'B-'),('15578','258','1','Fall',2007,'C '),('15578','349','1','Spring',2008,'A '),('15578','352','1','Spring',2006,'C+'),('15578','445','1','Spring',2001,'A+'),('15578','457','1','Spring',2001,'B+'),('15578','482','1','Fall',2005,'B '),('15578','489','1','Fall',2007,'A-'),('15578','545','1','Fall',2001,'C '),('15578','599','1','Spring',2003,'B+'),('15578','735','1','Spring',2003,'C-'),('15578','802','1','Spring',2003,'B '),('15578','960','2','Fall',2006,'B '),('15578','991','1','Spring',2008,'C-'),('15613','200','1','Spring',2007,'A+'),('15613','237','1','Spring',2008,'A-'),('15613','237','2','Fall',2009,'B-'),('15613','366','1','Fall',2005,'B+'),('15613','443','2','Spring',2002,'B-'),('15613','468','1','Fall',2005,'A-'),('15613','468','2','Fall',2007,'A+'),('15613','496','1','Fall',2001,'C-'),('15613','571','1','Spring',2004,'A '),('15613','626','1','Fall',2006,'A+'),('15613','631','1','Spring',2007,'C-'),('15613','679','1','Spring',2010,'A+'),('15613','704','1','Spring',2008,'C+'),('15613','864','1','Spring',2006,'C-'),('15698','270','1','Spring',2010,'C+'),('15698','366','1','Fall',2005,'B '),('15698','400','1','Spring',2007,'A '),('15698','468','2','Fall',2007,'C+'),('15698','545','1','Fall',2001,'B '),('15698','612','1','Fall',2007,'A+'),('15698','626','1','Fall',2006,'B+'),('15698','748','1','Fall',2003,'B '),('15698','760','1','Spring',2004,'A+'),('15698','791','1','Spring',2006,'C '),('15698','802','1','Spring',2003,'C+'),('15698','962','1','Spring',2008,'C '),('15726','200','2','Fall',2002,'C+'),('15726','239','1','Fall',2006,'B '),('15726','274','1','Fall',2002,'B-'),('15726','304','1','Fall',2009,'A+'),('15726','334','1','Fall',2009,'A '),('15726','352','1','Spring',2006,'B-'),('15726','362','2','Fall',2006,'B+'),('15726','376','1','Fall',2006,'B '),('15726','400','1','Spring',2007,'B-'),('15726','468','2','Fall',2007,'A-'),('15726','476','1','Fall',2010,'A-'),('15726','486','1','Fall',2009,'A-'),('15726','545','1','Fall',2001,'B+'),('15726','642','1','Fall',2004,'C '),('15726','679','1','Spring',2010,'C-'),('15726','760','1','Spring',2004,'A+'),('15726','893','1','Fall',2007,'A '),('15726','960','1','Fall',2009,'B+'),('15883','200','1','Spring',2007,'C+'),('15883','239','1','Fall',2006,'A-'),('15883','270','1','Spring',2010,'B-'),('15883','461','1','Fall',2002,'B-'),('15883','476','1','Fall',2010,'C+'),('15883','489','1','Fall',2007,'A+'),('15883','496','1','Fall',2001,'C '),('15883','561','1','Fall',2006,'B-'),('15883','571','1','Spring',2004,'C '),('15883','581','1','Spring',2005,'A+'),('15883','603','1','Fall',2003,'B+'),('15883','604','1','Spring',2009,'A-'),('15883','642','1','Fall',2004,'C+'),('15883','747','1','Spring',2004,'A-'),('15883','760','1','Spring',2004,'B+'),('15883','791','1','Spring',2006,'B '),('15883','802','1','Spring',2003,'C '),('15883','843','1','Fall',2010,'B+'),('15883','864','1','Spring',2006,'A+'),('15883','867','2','Fall',2010,'B '),('15980','158','1','Fall',2008,'A+'),('15980','158','2','Spring',2008,'A+'),('15980','239','1','Fall',2006,'B '),('15980','319','1','Spring',2003,'C-'),('15980','334','1','Fall',2009,'C '),('15980','376','1','Fall',2006,'B+'),('15980','421','1','Fall',2004,'B+'),('15980','591','1','Spring',2005,'C-'),('15980','631','1','Spring',2007,'A-'),('15980','694','1','Fall',2002,'B '),('15980','793','1','Spring',2002,'B '),('15980','808','1','Fall',2003,'B+'),('15980','864','1','Spring',2006,'A-'),('15980','893','1','Fall',2007,'A+'),('15980','960','1','Fall',2009,'B+'),('15980','991','1','Spring',2008,'C+'),('16035','338','2','Spring',2006,'C+'),('16035','352','1','Spring',2006,'A-'),('16035','445','1','Spring',2001,'A-'),('16035','486','1','Fall',2009,'A+'),('16035','545','1','Fall',2001,'B '),('16035','663','1','Spring',2005,'A-'),('16035','679','1','Spring',2010,'C-'),('16035','694','1','Fall',2002,'B-'),('16035','802','1','Spring',2003,'A-'),('16035','843','1','Fall',2010,'A '),('16035','867','1','Fall',2006,'C+'),('16035','875','1','Spring',2005,'C-'),('16035','991','1','Spring',2008,'C+'),('16057','105','1','Fall',2009,'B+'),('16057','169','1','Spring',2007,'C-'),('16057','200','2','Fall',2002,'A-'),('16057','270','1','Spring',2010,'B '),('16057','313','1','Fall',2010,'C '),('16057','366','1','Fall',2005,'C+'),('16057','408','2','Spring',2003,'C '),('16057','468','1','Fall',2005,'C-'),('16057','603','1','Fall',2003,'C-'),('16057','631','1','Spring',2007,'B-'),('16057','791','1','Spring',2006,'C+'),('16057','793','1','Spring',2002,'C '),('16057','852','1','Spring',2008,'B-'),('16057','864','1','Spring',2006,'C+'),('16057','875','1','Spring',2005,'A-'),('16057','893','1','Fall',2007,'C-'),('16057','959','1','Fall',2006,'B+'),('16057','960','1','Fall',2009,'C+'),('16057','974','1','Fall',2003,'B+'),('16075','105','2','Fall',2002,'C '),('16075','137','1','Spring',2002,'A-'),('16075','169','2','Fall',2002,'C+'),('16075','242','1','Fall',2009,'A+'),('16075','258','1','Fall',2007,'B+'),('16075','274','1','Fall',2002,'C '),('16075','313','1','Fall',2010,'A-'),('16075','338','1','Spring',2007,'B '),('16075','366','1','Fall',2005,'A '),('16075','443','1','Spring',2010,'B+'),('16075','493','1','Spring',2010,'C-'),('16075','561','1','Fall',2006,'A-'),('16075','626','1','Fall',2006,'A+'),('16075','631','1','Spring',2007,'A '),('16075','795','1','Spring',2004,'A-'),('16075','959','1','Fall',2006,'C '),('16075','960','2','Fall',2006,'A-'),('16133','105','1','Fall',2009,'A '),('16133','169','2','Fall',2002,'B-'),('16133','200','2','Fall',2002,'B-'),('16133','239','1','Fall',2006,'B-'),('16133','334','1','Fall',2009,'C+'),('16133','338','1','Spring',2007,'B+'),('16133','362','1','Fall',2005,'B-'),('16133','376','1','Fall',2006,'A '),('16133','400','1','Spring',2007,'B-'),('16133','468','2','Fall',2007,'A-'),('16133','527','1','Fall',2004,'C-'),('16133','696','1','Spring',2002,'C '),('16133','747','1','Spring',2004,'B-'),('16133','795','1','Spring',2004,'A '),('16133','867','2','Fall',2010,'B+'),('16133','875','1','Spring',2005,'C+'),('16133','962','1','Spring',2008,'C '),('16133','972','1','Spring',2009,'B+'),('16250','200','1','Spring',2007,'B+'),('16250','345','1','Spring',2008,'B-'),('16250','362','1','Fall',2005,'A '),('16250','400','1','Spring',2007,'A+'),('16250','476','1','Fall',2010,'B '),('16250','486','1','Fall',2009,'A '),('16250','629','1','Spring',2003,'A-'),('16250','631','1','Spring',2007,'C-'),('16250','702','1','Spring',2001,'A-'),('16250','735','2','Spring',2010,'A-'),('16250','843','1','Fall',2010,'B '),('16250','875','1','Spring',2005,'C+'),('16250','927','1','Fall',2002,'A-'),('16250','949','1','Fall',2007,'B-'),('16297','200','2','Fall',2002,'C '),('16297','237','1','Spring',2008,'A+'),('16297','313','1','Fall',2010,'C '),('16297','338','1','Spring',2007,'B+'),('16297','352','1','Spring',2006,'C '),('16297','362','3','Spring',2008,'A-'),('16297','400','2','Fall',2003,'C-'),('16297','415','1','Fall',2010,'A+'),('16297','421','1','Fall',2004,'C-'),('16297','489','1','Fall',2007,'B+'),('16297','493','1','Spring',2010,'A '),('16297','527','1','Fall',2004,'B+'),('16297','581','1','Spring',2005,'C+'),('16297','604','1','Spring',2009,'B '),('16297','642','1','Fall',2004,'C+'),('16297','663','1','Spring',2005,'A+'),('16297','702','1','Spring',2001,'A '),('16297','704','1','Spring',2008,'A '),('16297','962','1','Spring',2008,'B+'),('163','169','1','Spring',2007,'A '),('163','169','2','Fall',2002,'B+'),('163','192','1','Fall',2002,'C+'),('163','274','1','Fall',2002,'A '),('163','304','1','Fall',2009,'B-'),('163','362','3','Spring',2008,'A-'),('163','443','1','Spring',2010,'C '),('163','468','2','Fall',2007,'C+'),('163','561','1','Fall',2006,'A+'),('163','581','1','Spring',2005,'A+'),('163','603','1','Fall',2003,'A '),('163','679','1','Spring',2010,'A '),('163','704','1','Spring',2008,'C+'),('163','747','1','Spring',2004,'C '),('16311','237','2','Fall',2009,'A+'),('16311','313','1','Fall',2010,'C+'),('16311','338','1','Spring',2007,'B '),('16311','349','1','Spring',2008,'A+'),('16311','376','1','Fall',2006,'B+'),('16311','426','1','Spring',2006,'C+'),('16311','445','1','Spring',2001,'A-'),('16311','468','1','Fall',2005,'A '),('16311','571','1','Spring',2004,'B-'),('16311','629','1','Spring',2003,'B+'),('16311','694','1','Fall',2002,'A-'),('16311','802','1','Spring',2003,'A+'),('16311','974','1','Fall',2003,'A '),('16347','192','1','Fall',2002,'B '),('16347','200','1','Spring',2007,'A '),('16347','239','1','Fall',2006,'B+'),('16347','270','1','Spring',2010,'A '),('16347','319','1','Spring',2003,'A-'),('16347','376','1','Fall',2006,'C-'),('16347','445','1','Spring',2001,'A '),('16347','457','1','Spring',2001,'B-'),('16347','468','2','Fall',2007,'C '),('16347','571','1','Spring',2004,'C+'),('16347','604','1','Spring',2009,'B+'),('16347','629','1','Spring',2003,'B+'),('16347','631','1','Spring',2007,'C+'),('16347','793','1','Spring',2002,'B+'),('16347','960','2','Fall',2006,'B '),('16405','158','1','Fall',2008,'A+'),('16405','158','2','Spring',2008,'B '),('16405','237','2','Fall',2009,'C '),('16405','334','1','Fall',2009,'B '),('16405','345','1','Spring',2008,'B-'),('16405','362','1','Fall',2005,'B '),('16405','362','3','Spring',2008,'A '),('16405','426','1','Spring',2006,'B+'),('16405','443','1','Spring',2010,'C+'),('16405','493','1','Spring',2010,'C '),('16405','559','1','Fall',2002,'A+'),('16405','581','1','Spring',2005,'C '),('16405','629','1','Spring',2003,'B-'),('16405','747','1','Spring',2004,'C '),('16405','875','1','Spring',2005,'A '),('16405','974','1','Fall',2003,'B-'),('16405','991','1','Spring',2008,'B '),('16453','105','2','Fall',2002,'C-'),('16453','200','2','Fall',2002,'A '),('16453','270','1','Spring',2010,'A-'),('16453','313','1','Fall',2010,'B-'),('16453','345','1','Spring',2008,'C+'),('16453','362','2','Fall',2006,'A+'),('16453','400','2','Fall',2003,'C '),('16453','401','1','Fall',2003,'A+'),('16453','457','1','Spring',2001,'C-'),('16453','468','1','Fall',2005,'C '),('16453','496','1','Fall',2001,'B-'),('16453','949','1','Fall',2007,'A '),('16453','960','2','Fall',2006,'C-'),('16467','105','1','Fall',2009,'B '),('16467','158','1','Fall',2008,'A '),('16467','200','1','Spring',2007,'B '),('16467','258','1','Fall',2007,'A+'),('16467','352','1','Spring',2006,'C-'),('16467','362','2','Fall',2006,'B-'),('16467','401','1','Fall',2003,'B+'),('16467','468','1','Fall',2005,'B+'),('16467','476','1','Fall',2010,'B '),('16467','793','1','Spring',2002,'C '),('16480','137','1','Spring',2002,'B+'),('16480','362','1','Fall',2005,'C-'),('16480','362','2','Fall',2006,'C '),('16480','362','3','Spring',2008,'B-'),('16480','366','1','Fall',2005,'C '),('16480','443','2','Spring',2002,'A '),('16480','468','2','Fall',2007,'A '),('16480','486','1','Fall',2009,'A '),('16480','599','1','Spring',2003,'B+'),('16480','629','1','Spring',2003,'C-'),('16480','663','1','Spring',2005,'A-'),('16480','735','2','Spring',2010,'A '),('16480','852','1','Spring',2008,'A '),('16480','927','1','Fall',2002,'C '),('16480','959','1','Fall',2006,'B+'),('16515','242','1','Fall',2009,'B-'),('16515','270','1','Spring',2010,'A+'),('16515','366','1','Fall',2005,'A '),('16515','408','2','Spring',2003,'B '),('16515','443','2','Spring',2002,'B '),('16515','445','1','Spring',2001,'A+'),('16515','457','1','Spring',2001,'C-'),('16515','461','1','Fall',2002,'A '),('16515','476','1','Fall',2010,'A+'),('16515','489','1','Fall',2007,'B-'),('16515','591','1','Spring',2005,'B-'),('16515','642','1','Fall',2004,'A-'),('16515','679','1','Spring',2010,'A '),('16515','974','1','Fall',2003,'C '),('16523','137','1','Spring',2002,'B-'),('16523','158','1','Fall',2008,'A+'),('16523','237','1','Spring',2008,'A '),('16523','239','1','Fall',2006,'B-'),('16523','313','1','Fall',2010,'A-'),('16523','366','1','Fall',2005,'A '),('16523','415','1','Fall',2010,'C '),('16523','545','1','Fall',2001,'A+'),('16523','559','1','Fall',2002,'B '),('16523','561','1','Fall',2006,'A-'),('16523','663','1','Spring',2005,'B-'),('16523','802','1','Spring',2003,'C+'),('16523','867','1','Fall',2006,'C+'),('16523','893','1','Fall',2007,'B+'),('16523','927','1','Fall',2002,'C-'),('16528','105','1','Fall',2009,'A+'),('16528','105','2','Fall',2002,'C-'),('16528','137','1','Spring',2002,'C+'),('16528','200','1','Spring',2007,'B-'),('16528','338','1','Spring',2007,'A+'),('16528','338','2','Spring',2006,'A '),('16528','362','3','Spring',2008,'A+'),('16528','415','1','Fall',2010,'A '),('16528','445','1','Spring',2001,'C+'),('16528','468','1','Fall',2005,'B-'),('16528','482','1','Fall',2005,'C+'),('16528','527','1','Fall',2004,'C-'),('16528','629','1','Spring',2003,'A+'),('16528','679','1','Spring',2010,'B '),('16528','692','1','Spring',2010,'A '),('16528','696','1','Spring',2002,'B '),('16528','793','1','Spring',2002,'B-'),('16528','808','1','Fall',2003,'C+'),('16528','843','1','Fall',2010,'A '),('16528','949','1','Fall',2007,'A '),('16528','974','1','Fall',2003,'A '),('16543','242','1','Fall',2009,'A+'),('16543','270','1','Spring',2010,'C-'),('16543','334','1','Fall',2009,'B-'),('16543','338','2','Spring',2006,'C-'),('16543','400','1','Spring',2007,'B+'),('16543','443','1','Spring',2010,'C+'),('16543','445','1','Spring',2001,'A-'),('16543','482','1','Fall',2005,'C+'),('16543','489','1','Fall',2007,'B+'),('16543','559','1','Fall',2002,'A+'),('16543','561','1','Fall',2006,'B '),('16543','571','1','Spring',2004,'A-'),('16543','696','1','Spring',2002,'A+'),('16543','702','1','Spring',2001,'C-'),('16543','735','2','Spring',2010,'A+'),('16543','864','1','Spring',2006,'B-'),('16593','169','2','Fall',2002,'C+'),('16593','200','2','Fall',2002,'B-'),('16593','242','1','Fall',2009,'A+'),('16593','270','1','Spring',2010,'A+'),('16593','313','1','Fall',2010,'B+'),('16593','334','1','Fall',2009,'B '),('16593','349','1','Spring',2008,'A '),('16593','352','1','Spring',2006,'B-'),('16593','408','1','Spring',2007,'C-'),('16593','486','1','Fall',2009,'B+'),('16593','545','1','Fall',2001,'C '),('16593','591','1','Spring',2005,'C '),('16593','663','1','Spring',2005,'B+'),('16593','867','1','Fall',2006,'A '),('16631','105','2','Fall',2002,'B-'),('16631','169','2','Fall',2002,'A+'),('16631','192','1','Fall',2002,'A '),('16631','200','1','Spring',2007,'A '),('16631','408','2','Spring',2003,'A-'),('16631','482','1','Fall',2005,'A+'),('16631','559','1','Fall',2002,'B+'),('16631','599','1','Spring',2003,'C '),('16631','629','1','Spring',2003,'B '),('16631','631','1','Spring',2007,'B-'),('16631','735','1','Spring',2003,'A '),('16631','748','1','Fall',2003,'A-'),('16631','893','1','Fall',2007,'B-'),('16631','959','1','Fall',2006,'C+'),('16631','991','1','Spring',2008,'C-'),('16753','169','2','Fall',2002,'A '),('16753','401','1','Fall',2003,'A-'),('16753','408','1','Spring',2007,'C-'),('16753','445','1','Spring',2001,'B-'),('16753','461','1','Fall',2002,'A '),('16753','468','1','Fall',2005,'B '),('16753','476','1','Fall',2010,'C+'),('16753','591','1','Spring',2005,'B+'),('16753','696','1','Spring',2002,'B '),('16753','747','1','Spring',2004,'A+'),('16753','843','1','Fall',2010,'C-'),('16753','972','1','Spring',2009,'C-'),('16849','169','1','Spring',2007,'B+'),('16849','237','1','Spring',2008,'C+'),('16849','258','1','Fall',2007,'B+'),('16849','319','1','Spring',2003,'B+'),('16849','338','1','Spring',2007,'C '),('16849','400','2','Fall',2003,'C-'),('16849','461','1','Fall',2002,'C '),('16849','489','1','Fall',2007,'B-'),('16849','559','1','Fall',2002,'C '),('16849','581','1','Spring',2005,'B+'),('16849','663','1','Spring',2005,'A '),('16849','867','2','Fall',2010,'C+'),('16849','949','1','Fall',2007,'C '),('16849','959','1','Fall',2006,'C+'),('16849','972','1','Spring',2009,'C '),('16849','974','1','Fall',2003,'A-'),('16849','991','1','Spring',2008,'B-'),('16885','169','2','Fall',2002,'B-'),('16885','200','2','Fall',2002,'A+'),('16885','258','1','Fall',2007,'C-'),('16885','274','1','Fall',2002,'C '),('16885','366','1','Fall',2005,'C-'),('16885','401','1','Fall',2003,'A+'),('16885','408','2','Spring',2003,'B '),('16885','415','1','Fall',2010,'A '),('16885','426','1','Spring',2006,'C '),('16885','445','1','Spring',2001,'B-'),('16885','482','1','Fall',2005,'A+'),('16885','489','1','Fall',2007,'C '),('16885','493','1','Spring',2010,'A+'),('16885','571','1','Spring',2004,'B '),('16885','604','1','Spring',2009,'C '),('16885','679','1','Spring',2010,'A-'),('16885','692','1','Spring',2010,'A+'),('16885','808','1','Fall',2003,'A+'),('16885','893','1','Fall',2007,'C+'),('16885','959','1','Fall',2006,'C '),('16885','972','1','Spring',2009,'C-'),('16907','105','2','Fall',2002,'A '),('16907','137','1','Spring',2002,'A '),('16907','169','1','Spring',2007,'A-'),('16907','242','1','Fall',2009,'C '),('16907','319','1','Spring',2003,'C-'),('16907','352','1','Spring',2006,'C '),('16907','366','1','Fall',2005,'A+'),('16907','400','1','Spring',2007,'B-'),('16907','421','1','Fall',2004,'C+'),('16907','461','1','Fall',2002,'C '),('16907','468','2','Fall',2007,'B-'),('16907','581','1','Spring',2005,'A+'),('16907','599','1','Spring',2003,'A '),('16907','629','1','Spring',2003,'B '),('16907','702','1','Spring',2001,'B-'),('16907','735','1','Spring',2003,'B+'),('16907','795','1','Spring',2004,'A-'),('16907','960','1','Fall',2009,'C '),('16907','972','1','Spring',2009,'B+'),('16969','105','2','Fall',2002,'B-'),('16969','362','1','Fall',2005,'A '),('16969','362','2','Fall',2006,'C-'),('16969','362','3','Spring',2008,'A-'),('16969','426','1','Spring',2006,'B+'),('16969','443','2','Spring',2002,'A '),('16969','461','1','Fall',2002,'B-'),('16969','468','1','Fall',2005,'B '),('16969','599','1','Spring',2003,'C+'),('16969','626','1','Fall',2006,'C '),('16969','629','1','Spring',2003,'C-'),('16969','663','1','Spring',2005,'B '),('16969','702','1','Spring',2001,'B+'),('16969','808','1','Fall',2003,'A+'),('16969','843','1','Fall',2010,'A '),('16969','867','1','Fall',2006,'C '),('16969','959','1','Fall',2006,'B+'),('16969','962','1','Spring',2008,'A-'),('16969','972','1','Spring',2009,'B '),('17076','169','1','Spring',2007,'A '),('17076','169','2','Fall',2002,'B+'),('17076','258','1','Fall',2007,'B '),('17076','338','1','Spring',2007,'B '),('17076','349','1','Spring',2008,'C+'),('17076','362','1','Fall',2005,'B-'),('17076','400','1','Spring',2007,'C-'),('17076','631','1','Spring',2007,'C '),('17076','696','1','Spring',2002,'A+'),('17076','748','1','Fall',2003,'B+'),('17076','760','1','Spring',2004,'C+'),('17076','793','1','Spring',2002,'B-'),('17076','795','1','Spring',2004,'C '),('17076','960','1','Fall',2009,'A-'),('17076','974','1','Fall',2003,'B '),('17076','991','1','Spring',2008,'C '),('17086','169','1','Spring',2007,'B '),('17086','200','2','Fall',2002,'A-'),('17086','258','1','Fall',2007,'B+'),('17086','319','1','Spring',2003,'A '),('17086','362','1','Fall',2005,'C+'),('17086','400','1','Spring',2007,'A-'),('17086','468','1','Fall',2005,'B+'),('17086','581','1','Spring',2005,'B '),('17086','626','1','Fall',2006,'C '),('17086','735','2','Spring',2010,'A+'),('17086','960','2','Fall',2006,'A '),('17086','974','1','Fall',2003,'C+'),('17192','426','1','Spring',2006,'B+'),('17192','468','2','Fall',2007,'A '),('17192','482','1','Fall',2005,'B '),('17192','489','1','Fall',2007,'B '),('17192','626','1','Fall',2006,'B+'),('17192','735','2','Spring',2010,'A-'),('17192','791','1','Spring',2006,'C '),('17207','200','2','Fall',2002,'C+'),('17207','237','1','Spring',2008,'B+'),('17207','239','1','Fall',2006,'A '),('17207','274','1','Fall',2002,'A '),('17207','313','1','Fall',2010,'B+'),('17207','445','1','Spring',2001,'B-'),('17207','468','2','Fall',2007,'A '),('17207','476','1','Fall',2010,'A '),('17207','493','1','Spring',2010,'A+'),('17207','545','1','Fall',2001,'C+'),('17207','591','1','Spring',2005,'C+'),('17207','604','1','Spring',2009,'C+'),('17207','612','1','Fall',2007,'C '),('17207','642','1','Fall',2004,'C '),('17207','735','2','Spring',2010,'B-'),('17207','760','1','Spring',2004,'C '),('17207','893','1','Fall',2007,'C-'),('1726','158','2','Spring',2008,'A '),('1726','242','1','Fall',2009,'A-'),('1726','274','1','Fall',2002,'A '),('1726','313','1','Fall',2010,'B+'),('1726','362','3','Spring',2008,'C-'),('1726','443','2','Spring',2002,'A-'),('1726','457','1','Spring',2001,'A-'),('1726','493','1','Spring',2010,'A '),('1726','545','1','Fall',2001,'C-'),('1726','604','1','Spring',2009,'B+'),('1726','747','1','Spring',2004,'C-'),('1726','791','1','Spring',2006,'B-'),('1727','158','1','Fall',2008,'B+'),('1727','334','1','Fall',2009,'A '),('1727','362','3','Spring',2008,'C '),('1727','496','1','Fall',2001,'A+'),('1727','527','1','Fall',2004,'C-'),('1727','559','1','Fall',2002,'A-'),('1727','561','1','Fall',2006,'C+'),('1727','599','1','Spring',2003,'C '),('1727','631','1','Spring',2007,'B+'),('1727','642','1','Fall',2004,'B '),('1727','696','1','Spring',2002,'C+'),('1727','735','1','Spring',2003,'A+'),('1727','747','1','Spring',2004,'A '),('1727','852','1','Spring',2008,'B+'),('1727','927','1','Fall',2002,'B-'),('1727','959','1','Fall',2006,'B '),('1727','960','1','Fall',2009,'A+'),('17339','137','1','Spring',2002,'B+'),('17339','200','2','Fall',2002,'C-'),('17339','258','1','Fall',2007,'B+'),('17339','304','1','Fall',2009,'B+'),('17339','313','1','Fall',2010,'C '),('17339','408','1','Spring',2007,'B-'),('17339','679','1','Spring',2010,'C-'),('17339','692','1','Spring',2010,'C+'),('17339','696','1','Spring',2002,'B '),('17339','793','1','Spring',2002,'B+'),('17339','991','1','Spring',2008,'A+'),('1737','105','2','Fall',2002,'A-'),('1737','169','1','Spring',2007,'A-'),('1737','200','2','Fall',2002,'B+'),('1737','237','1','Spring',2008,'B+'),('1737','304','1','Fall',2009,'B '),('1737','349','1','Spring',2008,'B '),('1737','362','1','Fall',2005,'B '),('1737','408','2','Spring',2003,'C-'),('1737','679','1','Spring',2010,'B+'),('1737','696','1','Spring',2002,'C+'),('1737','867','1','Fall',2006,'B-'),('1737','867','2','Fall',2010,'C '),('17377','105','1','Fall',2009,'C '),('17377','158','1','Fall',2008,'B '),('17377','242','1','Fall',2009,'C-'),('17377','304','1','Fall',2009,'B-'),('17377','313','1','Fall',2010,'C+'),('17377','334','1','Fall',2009,'B '),('17377','362','3','Spring',2008,'B-'),('17377','400','1','Spring',2007,'C-'),('17377','421','1','Fall',2004,'A-'),('17377','694','1','Fall',2002,'B '),('17377','793','1','Spring',2002,'C '),('17377','867','2','Fall',2010,'B-'),('17377','959','1','Fall',2006,'B '),('17424','158','2','Spring',2008,'A-'),('17424','200','1','Spring',2007,'B '),('17424','239','1','Fall',2006,'C+'),('17424','349','1','Spring',2008,'B-'),('17424','445','1','Spring',2001,'B '),('17424','476','1','Fall',2010,'B+'),('17424','482','1','Fall',2005,'C-'),('17424','486','1','Fall',2009,'C '),('17424','581','1','Spring',2005,'A '),('17424','629','1','Spring',2003,'B+'),('17424','704','1','Spring',2008,'B+'),('17424','795','1','Spring',2004,'C '),('17424','802','1','Spring',2003,'C '),('17424','949','1','Fall',2007,'A-'),('17507','169','2','Fall',2002,'B+'),('17507','258','1','Fall',2007,'A '),('17507','274','1','Fall',2002,'B '),('17507','426','1','Spring',2006,'B-'),('17507','468','2','Fall',2007,'C+'),('17507','599','1','Spring',2003,'A+'),('17507','603','1','Fall',2003,'B-'),('17507','626','1','Fall',2006,'C+'),('17507','631','1','Spring',2007,'B '),('17507','704','1','Spring',2008,'C-'),('17507','791','1','Spring',2006,'C '),('17507','893','1','Fall',2007,'C+'),('17507','927','1','Fall',2002,'C+'),('17665','200','1','Spring',2007,'C+'),('17665','445','1','Spring',2001,'A-'),('17665','496','1','Fall',2001,'C-'),('17665','561','1','Fall',2006,'B+'),('17665','604','1','Spring',2009,'C+'),('17665','626','1','Fall',2006,'B '),('17665','679','1','Spring',2010,'B+'),('17665','791','1','Spring',2006,'A '),('17665','795','1','Spring',2004,'A+'),('17665','852','1','Spring',2008,'A+'),('17676','158','2','Spring',2008,'A '),('17676','169','1','Spring',2007,'A-'),('17676','334','1','Fall',2009,'A '),('17676','400','1','Spring',2007,'A '),('17676','401','1','Fall',2003,'A-'),('17676','445','1','Spring',2001,'A+'),('17676','457','1','Spring',2001,'C-'),('17676','468','2','Fall',2007,'B-'),('17676','496','1','Fall',2001,'B+'),('17676','559','1','Fall',2002,'A '),('17676','867','1','Fall',2006,'A-'),('17676','962','1','Spring',2008,'B+'),('17769','192','1','Fall',2002,'A-'),('17769','242','1','Fall',2009,'C+'),('17769','274','1','Fall',2002,'A '),('17769','319','1','Spring',2003,'C+'),('17769','352','1','Spring',2006,'C+'),('17769','486','1','Fall',2009,'A+'),('17769','493','1','Spring',2010,'A '),('17769','571','1','Spring',2004,'C-'),('17769','629','1','Spring',2003,'C '),('17769','694','1','Fall',2002,'C-'),('17769','747','1','Spring',2004,'B-'),('17769','748','1','Fall',2003,'C '),('17769','793','1','Spring',2002,'A '),('17769','795','1','Spring',2004,'C-'),('17769','843','1','Fall',2010,'C+'),('17769','949','1','Fall',2007,'A '),('17769','991','1','Spring',2008,'A-'),('17911','137','1','Spring',2002,'C '),('17911','258','1','Fall',2007,'B '),('17911','334','1','Fall',2009,'C-'),('17911','349','1','Spring',2008,'A-'),('17911','362','1','Fall',2005,'C '),('17911','362','2','Fall',2006,'B '),('17911','366','1','Fall',2005,'B+'),('17911','401','1','Fall',2003,'A-'),('17911','468','2','Fall',2007,'A '),('17911','545','1','Fall',2001,'C+'),('17911','559','1','Fall',2002,'A-'),('17911','694','1','Fall',2002,'C-'),('17911','747','1','Spring',2004,'A+'),('17911','864','1','Spring',2006,'A+'),('17911','867','2','Fall',2010,'A '),('17911','927','1','Fall',2002,'B '),('17944','349','1','Spring',2008,'A '),('17944','426','1','Spring',2006,'B-'),('17944','443','1','Spring',2010,'B+'),('17944','482','1','Fall',2005,'A '),('17944','489','1','Fall',2007,'C+'),('17944','545','1','Fall',2001,'B+'),('17944','599','1','Spring',2003,'B+'),('17944','642','1','Fall',2004,'B-'),('17944','663','1','Spring',2005,'A-'),('17944','802','1','Spring',2003,'C+'),('17944','808','1','Fall',2003,'A+'),('17944','852','1','Spring',2008,'C+'),('17944','867','1','Fall',2006,'B+'),('17996','274','1','Fall',2002,'C '),('17996','408','1','Spring',2007,'B-'),('17996','493','1','Spring',2010,'A '),('17996','545','1','Fall',2001,'A-'),('17996','559','1','Fall',2002,'B-'),('17996','612','1','Fall',2007,'B-'),('17996','663','1','Spring',2005,'C '),('17996','692','1','Spring',2010,'A+'),('17996','735','1','Spring',2003,'A+'),('17996','735','2','Spring',2010,'B+'),('17996','802','1','Spring',2003,'A-'),('17996','867','2','Fall',2010,'B-'),('17996','949','1','Fall',2007,'B+'),('18108','362','1','Fall',2005,'B-'),('18108','421','1','Fall',2004,'A-'),('18108','468','1','Fall',2005,'B+'),('18108','604','1','Spring',2009,'B-'),('18108','696','1','Spring',2002,'C '),('18108','702','1','Spring',2001,'A-'),('18108','735','1','Spring',2003,'C-'),('18108','735','2','Spring',2010,'A+'),('18108','747','1','Spring',2004,'C+'),('18108','748','1','Fall',2003,'B '),('18108','760','1','Spring',2004,'C-'),('18108','843','1','Fall',2010,'B '),('18108','867','2','Fall',2010,'C-'),('18108','875','1','Spring',2005,'C-'),('18108','893','1','Fall',2007,'B+'),('18108','991','1','Spring',2008,'A-'),('18286','158','1','Fall',2008,'A+'),('18286','443','1','Spring',2010,'B '),('18286','482','1','Fall',2005,'B+'),('18286','735','1','Spring',2003,'B '),('18286','793','1','Spring',2002,'A '),('18286','802','1','Spring',2003,'A '),('18286','991','1','Spring',2008,'A+'),('1836','345','1','Spring',2008,'B '),('1836','400','2','Fall',2003,'A '),('1836','457','1','Spring',2001,'C-'),('1836','489','1','Fall',2007,'A+'),('1836','604','1','Spring',2009,'A+'),('1836','626','1','Fall',2006,'C-'),('1836','631','1','Spring',2007,'B '),('1836','679','1','Spring',2010,'B '),('1836','747','1','Spring',2004,'B-'),('1836','748','1','Fall',2003,'A-'),('1836','795','1','Spring',2004,'C '),('1836','802','1','Spring',2003,'B-'),('1836','864','1','Spring',2006,'C-'),('1836','960','2','Fall',2006,'A '),('18583','105','2','Fall',2002,'B-'),('18583','274','1','Fall',2002,'C+'),('18583','366','1','Fall',2005,'A+'),('18583','400','1','Spring',2007,'A+'),('18583','400','2','Fall',2003,'B '),('18583','445','1','Spring',2001,'A '),('18583','457','1','Spring',2001,'A+'),('18583','559','1','Fall',2002,'B+'),('18583','603','1','Fall',2003,'A-'),('18583','642','1','Fall',2004,'B+'),('18583','735','1','Spring',2003,'A '),('18583','793','1','Spring',2002,'B '),('18583','949','1','Fall',2007,'C '),('18636','169','2','Fall',2002,'C+'),('18636','313','1','Fall',2010,'B+'),('18636','338','2','Spring',2006,'B-'),('18636','352','1','Spring',2006,'A+'),('18636','400','2','Fall',2003,'C+'),('18636','692','1','Spring',2010,'B '),('18636','795','1','Spring',2004,'C '),('18636','808','1','Fall',2003,'B-'),('18636','864','1','Spring',2006,'C '),('18636','949','1','Fall',2007,'A+'),('18636','972','1','Spring',2009,'C-'),('18675','200','1','Spring',2007,'B+'),('18675','239','1','Fall',2006,'A '),('18675','242','1','Fall',2009,'B-'),('18675','274','1','Fall',2002,'B+'),('18675','349','1','Spring',2008,'B '),('18675','400','1','Spring',2007,'A-'),('18675','443','1','Spring',2010,'A '),('18675','468','1','Fall',2005,'B-'),('18675','626','1','Fall',2006,'A '),('18675','663','1','Spring',2005,'C+'),('18675','696','1','Spring',2002,'A+'),('18675','702','1','Spring',2001,'B+'),('18675','735','2','Spring',2010,'B+'),('18675','795','1','Spring',2004,'B-'),('18675','893','1','Fall',2007,'B-'),('18675','949','1','Fall',2007,'A '),('18675','974','1','Fall',2003,'A+'),('18775','158','2','Spring',2008,'B-'),('18775','169','2','Fall',2002,'B+'),('18775','239','1','Fall',2006,'C-'),('18775','270','1','Spring',2010,'B+'),('18775','313','1','Fall',2010,'C '),('18775','338','1','Spring',2007,'C+'),('18775','400','1','Spring',2007,'B '),('18775','476','1','Fall',2010,'C '),('18775','561','1','Fall',2006,'A+'),('18775','603','1','Fall',2003,'C+'),('18775','629','1','Spring',2003,'A+'),('18775','642','1','Fall',2004,'B+'),('18775','702','1','Spring',2001,'A '),('18775','949','1','Fall',2007,'C '),('18775','959','1','Fall',2006,'A-'),('18775','962','1','Spring',2008,'C+'),('18941','258','1','Fall',2007,'C '),('18941','338','1','Spring',2007,'B '),('18941','362','1','Fall',2005,'A+'),('18941','400','1','Spring',2007,'B '),('18941','401','1','Fall',2003,'B+'),('18941','415','1','Fall',2010,'B-'),('18941','445','1','Spring',2001,'A '),('18941','482','1','Fall',2005,'C-'),('18941','489','1','Fall',2007,'B+'),('18941','603','1','Fall',2003,'A-'),('18941','642','1','Fall',2004,'B-'),('18941','694','1','Fall',2002,'C '),('18941','867','1','Fall',2006,'C-'),('18941','949','1','Fall',2007,'C '),('18941','959','1','Fall',2006,'A '),('18941','960','2','Fall',2006,'B+'),('18941','991','1','Spring',2008,'B+'),('19048','362','3','Spring',2008,'C-'),('19048','366','1','Fall',2005,'B+'),('19048','443','2','Spring',2002,'B '),('19048','457','1','Spring',2001,'C '),('19048','468','1','Fall',2005,'A+'),('19048','581','1','Spring',2005,'B+'),('19048','642','1','Fall',2004,'A-'),('19048','679','1','Spring',2010,'C-'),('19048','791','1','Spring',2006,'A+'),('19048','852','1','Spring',2008,'A+'),('19048','867','2','Fall',2010,'B-'),('19220','200','1','Spring',2007,'C '),('19220','237','2','Fall',2009,'A-'),('19220','313','1','Fall',2010,'C+'),('19220','366','1','Fall',2005,'C+'),('19220','400','2','Fall',2003,'C+'),('19220','461','1','Fall',2002,'A+'),('19220','496','1','Fall',2001,'C '),('19220','545','1','Fall',2001,'B-'),('19220','559','1','Fall',2002,'A+'),('19220','626','1','Fall',2006,'A+'),('19220','679','1','Spring',2010,'A+'),('19220','791','1','Spring',2006,'C+'),('19220','875','1','Spring',2005,'A+'),('19220','962','1','Spring',2008,'A '),('19245','169','1','Spring',2007,'B-'),('19245','200','2','Fall',2002,'A '),('19245','313','1','Fall',2010,'A-'),('19245','334','1','Fall',2009,'B-'),('19245','349','1','Spring',2008,'B-'),('19245','362','1','Fall',2005,'A '),('19245','362','2','Fall',2006,'C-'),('19245','400','1','Spring',2007,'C+'),('19245','401','1','Fall',2003,'C '),('19245','527','1','Fall',2004,'C-'),('19245','559','1','Fall',2002,'C-'),('19245','591','1','Spring',2005,'A '),('19245','603','1','Fall',2003,'A '),('19245','692','1','Spring',2010,'A '),('19245','747','1','Spring',2004,'A+'),('19245','760','1','Spring',2004,'A-'),('19245','795','1','Spring',2004,'B '),('19245','864','1','Spring',2006,'A-'),('19342','169','1','Spring',2007,'B '),('19342','200','2','Fall',2002,'A+'),('19342','239','1','Fall',2006,'B-'),('19342','242','1','Fall',2009,'A+'),('19342','415','1','Fall',2010,'A-'),('19342','445','1','Spring',2001,'B+'),('19342','461','1','Fall',2002,'A '),('19342','493','1','Spring',2010,'A-'),('19342','612','1','Fall',2007,'A+'),('19342','679','1','Spring',2010,'C '),('19342','702','1','Spring',2001,'B+'),('19342','735','1','Spring',2003,'B '),('19342','808','1','Fall',2003,'C-'),('19342','864','1','Spring',2006,'A-'),('19342','962','1','Spring',2008,'A-'),('19362','158','1','Fall',2008,'C+'),('19362','345','1','Spring',2008,'B+'),('19362','362','1','Fall',2005,'A '),('19362','366','1','Fall',2005,'A-'),('19362','421','1','Fall',2004,'A+'),('19362','443','1','Spring',2010,'A '),('19362','486','1','Fall',2009,'A+'),('19362','612','1','Fall',2007,'A '),('19362','702','1','Spring',2001,'A-'),('19362','747','1','Spring',2004,'A+'),('19362','802','1','Spring',2003,'B '),('19362','864','1','Spring',2006,'A-'),('19450','105','1','Fall',2009,'B-'),('19450','169','1','Spring',2007,'C '),('19450','274','1','Fall',2002,'B+'),('19450','304','1','Fall',2009,'A-'),('19450','362','3','Spring',2008,'A-'),('19450','400','1','Spring',2007,'C+'),('19450','401','1','Fall',2003,'C+'),('19450','408','1','Spring',2007,'B+'),('19450','421','1','Fall',2004,'C-'),('19450','443','2','Spring',2002,'B '),('19450','457','1','Spring',2001,'C '),('19450','468','1','Fall',2005,'A-'),('19450','486','1','Fall',2009,'B+'),('19450','559','1','Fall',2002,'A+'),('19450','747','1','Spring',2004,'C '),('19450','867','2','Fall',2010,'B-'),('19450','962','1','Spring',2008,'B-'),('19582','304','1','Fall',2009,'B+'),('19582','401','1','Fall',2003,'C-'),('19582','408','1','Spring',2007,'B+'),('19582','415','1','Fall',2010,'C+'),('19582','426','1','Spring',2006,'C '),('19582','443','1','Spring',2010,'B-'),('19582','476','1','Fall',2010,'B+'),('19582','561','1','Fall',2006,'A '),('19582','612','1','Fall',2007,'C '),('19582','696','1','Spring',2002,'C-'),('19582','704','1','Spring',2008,'C+'),('19582','747','1','Spring',2004,'A+'),('19582','875','1','Spring',2005,'B+'),('19582','972','1','Spring',2009,'B-'),('19638','105','1','Fall',2009,'A+'),('19638','200','2','Fall',2002,'C+'),('19638','345','1','Spring',2008,'C '),('19638','352','1','Spring',2006,'A '),('19638','415','1','Fall',2010,'C '),('19638','468','1','Fall',2005,'B '),('19638','603','1','Fall',2003,'C-'),('19638','629','1','Spring',2003,'C+'),('19638','692','1','Spring',2010,'C+'),('19638','927','1','Fall',2002,'B-'),('19638','960','2','Fall',2006,'B-'),('19638','962','1','Spring',2008,'A-'),('19638','972','1','Spring',2009,'C '),('19791','200','1','Spring',2007,'C '),('19791','200','2','Fall',2002,'B '),('19791','239','1','Fall',2006,'C-'),('19791','313','1','Fall',2010,'A+'),('19791','334','1','Fall',2009,'A-'),('19791','527','1','Fall',2004,'C '),('19791','581','1','Spring',2005,'B+'),('19791','679','1','Spring',2010,'A-'),('19791','692','1','Spring',2010,'B+'),('19791','735','2','Spring',2010,'C-'),('19791','748','1','Fall',2003,'B+'),('19791','867','1','Fall',2006,'A '),('19791','893','1','Fall',2007,'B+'),('20489','105','2','Fall',2002,'B '),('20489','137','1','Spring',2002,'C '),('20489','158','2','Spring',2008,'C+'),('20489','242','1','Fall',2009,'C '),('20489','258','1','Fall',2007,'B-'),('20489','304','1','Fall',2009,'A '),('20489','352','1','Spring',2006,'B+'),('20489','362','1','Fall',2005,'B '),('20489','366','1','Fall',2005,'B+'),('20489','400','2','Fall',2003,'C+'),('20489','408','1','Spring',2007,'B-'),('20489','408','2','Spring',2003,'A-'),('20489','443','2','Spring',2002,'C+'),('20489','445','1','Spring',2001,'B-'),('20489','461','1','Fall',2002,'B+'),('20489','468','1','Fall',2005,'C+'),('20489','468','2','Fall',2007,'A+'),('20489','599','1','Spring',2003,'C+'),('20489','702','1','Spring',2001,'B+'),('20489','704','1','Spring',2008,'C+'),('20489','864','1','Spring',2006,'B+'),('20489','867','2','Fall',2010,'B '),('20489','974','1','Fall',2003,'C '),('20540','105','1','Fall',2009,'A '),('20540','158','1','Fall',2008,'A-'),('20540','237','1','Spring',2008,'B '),('20540','237','2','Fall',2009,'B+'),('20540','258','1','Fall',2007,'C+'),('20540','362','2','Fall',2006,'A-'),('20540','421','1','Fall',2004,'A '),('20540','486','1','Fall',2009,'A-'),('20540','561','1','Fall',2006,'B-'),('20540','631','1','Spring',2007,'C '),('20540','694','1','Fall',2002,'B+'),('20540','793','1','Spring',2002,'C '),('20540','795','1','Spring',2004,'B-'),('20540','867','2','Fall',2010,'C-'),('20540','991','1','Spring',2008,'A-'),('21225','158','2','Spring',2008,'B-'),('21225','169','1','Spring',2007,'A '),('21225','313','1','Fall',2010,'C-'),('21225','400','1','Spring',2007,'B '),('21225','527','1','Fall',2004,'A+'),('21225','559','1','Fall',2002,'C-'),('21225','702','1','Spring',2001,'B+'),('21225','704','1','Spring',2008,'B+'),('21225','793','1','Spring',2002,'A-'),('21225','795','1','Spring',2004,'C '),('21225','962','1','Spring',2008,'C+'),('2178','169','2','Fall',2002,'B-'),('2178','192','1','Fall',2002,'B-'),('2178','242','1','Fall',2009,'B-'),('2178','345','1','Spring',2008,'A+'),('2178','349','1','Spring',2008,'C+'),('2178','400','1','Spring',2007,'B+'),('2178','408','2','Spring',2003,'C+'),('2178','527','1','Fall',2004,'B-'),('2178','571','1','Spring',2004,'B+'),('2178','629','1','Spring',2003,'C '),('2178','791','1','Spring',2006,'B '),('2178','793','1','Spring',2002,'C+'),('2178','852','1','Spring',2008,'A+'),('2178','962','1','Spring',2008,'B+');
/*!40000 ALTER TABLE `takes` ENABLE KEYS */;
UNLOCK TABLES;

--
-- Table structure for table `teaches`
--

DROP TABLE IF EXISTS `teaches`;
/*!40101 SET @saved_cs_client     = @@character_set_client */;
/*!40101 SET character_set_client = utf8 */;
CREATE TABLE `teaches` (
  `ID` varchar(5) NOT NULL,
  `course_id` varchar(8) NOT NULL,
  `sec_id` varchar(8) NOT NULL,
  `semester` varchar(6) NOT NULL,
  `year` decimal(4,0) NOT NULL,
  PRIMARY KEY (`ID`,`course_id`,`sec_id`,`semester`,`year`),
  KEY `course_id` (`course_id`,`sec_id`,`semester`,`year`),
  CONSTRAINT `teaches_ibfk_1` FOREIGN KEY (`course_id`, `sec_id`, `semester`, `year`) REFERENCES `section` (`course_id`, `sec_id`, `semester`, `year`) ON DELETE CASCADE,
  CONSTRAINT `teaches_ibfk_2` FOREIGN KEY (`ID`) REFERENCES `instructor` (`ID`) ON DELETE CASCADE
) ENGINE=InnoDB DEFAULT CHARSET=latin1 COLLATE=latin1_swedish_ci;
/*!40101 SET character_set_client = @saved_cs_client */;

--
-- Dumping data for table `teaches`
--

LOCK TABLES `teaches` WRITE;
/*!40000 ALTER TABLE `teaches` DISABLE KEYS */;
INSERT INTO `teaches` VALUES ('14365','200','1','Spring',2007),('14365','843','1','Fall',2010),('15347','457','1','Spring',2001),('19368','545','1','Fall',2001),('19368','581','1','Spring',2005),('19368','591','1','Spring',2005),('22591','338','1','Spring',2007),('22591','338','2','Spring',2006),('22591','352','1','Spring',2006),('22591','400','1','Spring',2007),('22591','400','2','Fall',2003),('22591','482','1','Fall',2005),('22591','599','1','Spring',2003),('22591','642','1','Fall',2004),('22591','663','1','Spring',2005),('22591','867','1','Fall',2006),('22591','962','1','Spring',2008),('22591','972','1','Spring',2009),('22591','991','1','Spring',2008),('25946','192','1','Fall',2002),('28097','366','1','Fall',2005),('28097','808','1','Fall',2003),('28400','603','1','Fall',2003),('28400','604','1','Spring',2009),('3199','169','1','Spring',2007),('3199','169','2','Fall',2002),('3199','561','1','Fall',2006),('3199','631','1','Spring',2007),('3335','949','1','Fall',2007),('3335','960','1','Fall',2009),('34175','274','1','Fall',2002),('34175','571','1','Spring',2004),('34175','747','1','Spring',2004),('36897','242','1','Fall',2009),('36897','313','1','Fall',2010),('36897','696','1','Spring',2002),('36897','791','1','Spring',2006),('36897','795','1','Spring',2004),('41930','401','1','Fall',2003),('41930','421','1','Fall',2004),('41930','692','1','Spring',2010),('4233','679','1','Spring',2010),('42782','793','1','Spring',2002),('43779','105','1','Fall',2009),('43779','105','2','Fall',2002),('43779','476','1','Fall',2010),('43779','489','1','Fall',2007),('48507','626','1','Fall',2006),('48570','867','2','Fall',2010),('50330','468','2','Fall',2007),('63287','334','1','Fall',2009),('63287','852','1','Spring',2008),('6569','137','1','Spring',2002),('6569','304','1','Fall',2009),('6569','319','1','Spring',2003),('6569','349','1','Spring',2008),('6569','362','1','Fall',2005),('6569','362','2','Fall',2006),('6569','362','3','Spring',2008),('6569','426','1','Spring',2006),('6569','445','1','Spring',2001),('6569','527','1','Fall',2004),('65931','875','1','Spring',2005),('73623','694','1','Fall',2002),('74420','239','1','Fall',2006),('74420','376','1','Fall',2006),('74420','443','1','Spring',2010),('74420','443','2','Spring',2002),('74420','612','1','Fall',2007),('74420','959','1','Fall',2006),('77346','486','1','Fall',2009),('77346','493','1','Spring',2010),('77346','704','1','Spring',2008),('77346','735','1','Spring',2003),('77346','735','2','Spring',2010),('77346','864','1','Spring',2006),('79081','200','2','Fall',2002),('79081','345','1','Spring',2008),('79081','408','1','Spring',2007),('79081','408','2','Spring',2003),('79081','760','1','Spring',2004),('79081','974','1','Fall',2003),('80759','559','1','Fall',2002),('81991','415','1','Fall',2010),('81991','702','1','Spring',2001),('90376','158','1','Fall',2008),('90643','461','1','Fall',2002),('95709','258','1','Fall',2007),('95709','270','1','Spring',2010),('95709','468','1','Fall',2005),('95709','960','2','Fall',2006),('99052','158','2','Spring',2008),('99052','237','1','Spring',2008),('99052','237','2','Fall',2009),('99052','496','1','Fall',2001),('99052','629','1','Spring',2003),('99052','748','1','Fall',2003),('99052','802','1','Spring',2003),('99052','893','1','Fall',2007),('99052','927','1','Fall',2002);
/*!40000 ALTER TABLE `teaches` ENABLE KEYS */;
UNLOCK TABLES;

--
-- Table structure for table `time_slot`
--

DROP TABLE IF EXISTS `time_slot`;
/*!40101 SET @saved_cs_client     = @@character_set_client */;
/*!40101 SET character_set_client = utf8 */;
CREATE TABLE `time_slot` (
  `time_slot_id` varchar(4) NOT NULL,
  `day` varchar(1) NOT NULL,
  `start_hr` decimal(2,0) NOT NULL CHECK (`start_hr` >= 0 and `start_hr` < 24),
  `start_min` decimal(2,0) NOT NULL CHECK (`start_min` >= 0 and `start_min` < 60),
  `end_hr` decimal(2,0) DEFAULT NULL CHECK (`end_hr` >= 0 and `end_hr` < 24),
  `end_min` decimal(2,0) DEFAULT NULL CHECK (`end_min` >= 0 and `end_min` < 60),
  PRIMARY KEY (`time_slot_id`,`day`,`start_hr`,`start_min`)
) ENGINE=InnoDB DEFAULT CHARSET=latin1 COLLATE=latin1_swedish_ci;
/*!40101 SET character_set_client = @saved_cs_client */;

--
-- Dumping data for table `time_slot`
--

LOCK TABLES `time_slot` WRITE;
/*!40000 ALTER TABLE `time_slot` DISABLE KEYS */;
INSERT INTO `time_slot` VALUES ('A','F',8,0,8,50),('A','M',8,0,8,50),('A','W',8,0,8,50),('B','F',9,0,9,50),('B','M',9,0,9,50),('B','W',9,0,9,50),('C','F',11,0,11,50),('C','M',11,0,11,50),('C','W',11,0,11,50),('D','F',13,0,13,50),('D','M',13,0,13,50),('D','W',13,0,13,50),('E','R',10,30,11,45),('E','T',10,30,11,45),('F','R',14,30,15,45),('F','T',14,30,15,45),('G','F',16,0,16,50),('G','M',16,0,16,50),('G','W',16,0,16,50),('H','W',10,0,12,30);
/*!40000 ALTER TABLE `time_slot` ENABLE KEYS */;
UNLOCK TABLES;
/*!40103 SET TIME_ZONE=@OLD_TIME_ZONE */;

/*!40101 SET SQL_MODE=@OLD_SQL_MODE */;
/*!40014 SET FOREIGN_KEY_CHECKS=@OLD_FOREIGN_KEY_CHECKS */;
/*!40014 SET UNIQUE_CHECKS=@OLD_UNIQUE_CHECKS */;
/*!40101 SET CHARACTER_SET_CLIENT=@OLD_CHARACTER_SET_CLIENT */;
/*!40101 SET CHARACTER_SET_RESULTS=@OLD_CHARACTER_SET_RESULTS */;
/*!40101 SET COLLATION_CONNECTION=@OLD_COLLATION_CONNECTION */;
/*!40111 SET SQL_NOTES=@OLD_SQL_NOTES */;

-- Dump completed on 2024-03-20 21:05:31
